WiFi1,WiFi2,WiFi3,WiFi4,WiFi5,WiFi6,WiFi7,Room,RegressionTarget
-64,-56,-61,-66,-71,-82,-81,1,-3830.076403892874
-68,-57,-61,-65,-71,-85,-85,1,-3965.2180884436843
-63,-60,-60,-67,-76,-85,-84,1,-3939.8869787581857
-61,-60,-68,-62,-77,-90,-80,1,-3875.0521950907514
-63,-65,-60,-63,-77,-81,-87,1,-3900.0130214272585
-64,-55,-63,-66,-76,-88,-83,1,-3960.0524501791515
-65,-61,-65,-67,-69,-87,-84,1,-3979.9618163176488
-61,-63,-58,-66,-74,-87,-82,1,-3909.877879990196
-65,-60,-59,-63,-76,-86,-82,1,-3885.0159706940613
-62,-60,-66,-68,-80,-86,-91,1,-4100.076892982874
-67,-61,-62,-67,-77,-83,-91,1,-4070.0383869957386
-65,-59,-61,-67,-72,-86,-81,1,-3905.0575928379626
-63,-57,-61,-65,-73,-84,-84,1,-3904.9761602550916
-66,-60,-65,-62,-70,-85,-83,1,-3884.9649145208105
-61,-59,-65,-63,-74,-89,-87,1,-4009.988480199064
-67,-60,-59,-61,-71,-86,-91,1,-4054.9296131232695
-63,-56,-60,-62,-70,-84,-91,1,-4014.958781387319
-60,-54,-59,-65,-73,-83,-84,1,-3874.7178608206027
-60,-58,-60,-61,-73,-84,-88,1,-3930.039210097288
-62,-59,-63,-64,-70,-84,-84,1,-3890.07086170542
-63,-59,-64,-66,-72,-84,-90,1,-4035.103725547955
-65,-59,-66,-65,-68,-82,-85,1,-3904.919131510182
-63,-56,-63,-65,-72,-82,-89,1,-3974.9549786590733
-67,-60,-66,-65,-75,-86,-87,1,-4014.921125195838
-63,-57,-67,-66,-79,-86,-89,1,-4044.7589317831744
-66,-59,-64,-68,-68,-97,-83,1,-4124.973890125488
-65,-61,-64,-68,-77,-86,-89,1,-4075.0232230043052
-66,-57,-65,-69,-78,-85,-85,1,-3994.9866481840727
-67,-57,-64,-71,-75,-89,-87,1,-4120.008184599888
-65,-62,-62,-65,-77,-84,-85,1,-3935.1144112627535
-61,-54,-60,-61,-74,-87,-83,1,-3879.8742965369097
-65,-53,-60,-62,-69,-85,-83,1,-3879.960448364748
-66,-55,-63,-65,-68,-85,-90,1,-4054.9863197035975
-63,-57,-59,-67,-71,-82,-93,1,-4074.979832863366
-63,-57,-62,-65,-76,-82,-88,1,-3954.979611967415
-64,-57,-62,-67,-68,-83,-84,1,-3914.8729149030873
-68,-63,-68,-64,-74,-86,-84,1,-3950.035003776284
-70,-62,-68,-65,-81,-89,-83,1,-3994.88216714908
-67,-59,-62,-66,-80,-96,-82,1,-4075.043878756224
-66,-59,-64,-67,-77,-87,-85,1,-4004.8477542689348
-66,-59,-65,-68,-75,-88,-84,1,-4010.1105082667714
-67,-59,-62,-65,-71,-91,-84,1,-4029.875981784033
-69,-61,-62,-62,-75,-85,-84,1,-3920.1281371259975
-68,-58,-65,-65,-76,-87,-82,1,-3935.2692129634097
-66,-62,-64,-68,-73,-89,-83,1,-4005.161877923474
-68,-58,-65,-67,-83,-89,-86,1,-4065.0300533265868
-65,-58,-62,-67,-77,-86,-91,1,-4105.065901933349
-65,-58,-64,-69,-81,-88,-90,1,-4134.820635122167
-65,-56,-63,-71,-77,-89,-85,1,-4070.2046676131245
-64,-59,-65,-70,-84,-90,-89,1,-4149.879730297912
-64,-56,-64,-70,-80,-91,-84,1,-4064.9440916922576
-68,-57,-64,-68,-77,-88,-85,1,-4039.8530748452745
-67,-56,-65,-68,-82,-96,-89,1,-4235.004780508062
-66,-69,-63,-69,-79,-88,-86,1,-4059.8965930460868
-68,-57,-62,-68,-77,-91,-86,1,-4105.052027694631
-62,-58,-61,-68,-70,-85,-86,1,-3984.9228916157927
-63,-58,-66,-68,-75,-90,-93,1,-4205.033236570257
-62,-58,-57,-65,-70,-82,-91,1,-4009.9725982538544
-64,-51,-57,-67,-68,-84,-82,1,-3889.9104686349237
-62,-56,-61,-67,-67,-81,-85,1,-3895.0288423859747
-63,-53,-60,-68,-67,-87,-85,1,-4000.0109674977575
-64,-54,-58,-69,-65,-86,-86,1,-4019.9756626575363
-62,-52,-61,-66,-65,-85,-89,1,-4025.1475330188223
-64,-54,-61,-63,-65,-88,-86,1,-3990.088205138097
-58,-54,-61,-66,-75,-87,-86,1,-3975.0111304995985
-63,-55,-63,-68,-77,-87,-89,1,-4079.968417442513
-64,-56,-64,-65,-75,-85,-90,1,-4044.9701776058337
-64,-56,-64,-67,-77,-81,-85,1,-3905.0839596002934
-63,-57,-65,-69,-77,-81,-85,1,-3919.8352299311246
-63,-61,-61,-68,-72,-87,-92,1,-4140.041980647001
-59,-55,-62,-64,-68,-77,-86,1,-3810.315156154659
-64,-57,-62,-68,-71,-85,-85,1,-3975.081663673232
-66,-58,-56,-66,-79,-86,-93,1,-4139.980047427792
-63,-59,-58,-64,-74,-82,-90,1,-3984.941785752391
-66,-57,-57,-64,-69,-84,-90,1,-4030.260540884544
-59,-60,-57,-62,-67,-80,-84,1,-3794.9411143560415
-60,-57,-55,-66,-69,-82,-89,1,-3970.1444163414308
-61,-55,-63,-64,-69,-83,-82,1,-3829.968162710348
-61,-60,-57,-61,-74,-81,-82,1,-3769.9479672037223
-65,-60,-60,-62,-75,-83,-79,1,-3770.1075641131515
-65,-56,-65,-63,-68,-82,-93,1,-4045.117688344367
-63,-60,-69,-65,-71,-85,-86,1,-3960.0382861620083
-62,-57,-60,-65,-72,-83,-87,1,-3944.884992985949
-65,-60,-62,-63,-75,-85,-82,1,-3870.0896532548295
-65,-60,-62,-68,-69,-84,-89,1,-4045.117906333208
-67,-56,-62,-70,-69,-86,-84,1,-4004.9304520385704
-67,-61,-63,-64,-71,-85,-84,1,-3929.9344656609333
-71,-62,-65,-68,-83,-85,-86,1,-4030.1385460943957
-68,-64,-66,-73,-81,-86,-83,1,-4020.084226235588
-68,-63,-65,-74,-81,-84,-89,1,-4119.982754426875
-70,-64,-63,-69,-83,-85,-87,1,-4055.121366525316
-72,-63,-64,-70,-81,-85,-87,1,-4074.8257891527787
-73,-62,-66,-65,-81,-87,-89,1,-4100.17041863145
-73,-61,-65,-65,-77,-89,-90,1,-4149.919652673133
-73,-63,-65,-70,-80,-89,-93,1,-4259.979004783459
-74,-62,-66,-70,-76,-89,-87,1,-4145.1283796360385
-71,-62,-63,-69,-75,-85,-87,1,-4060.2160131000087
-71,-64,-64,-70,-78,-88,-94,1,-4254.9913186126905
-70,-64,-66,-73,-78,-87,-94,1,-4264.948182316978
-72,-62,-63,-76,-81,-84,-91,1,-4200.018495837995
-72,-59,-65,-75,-81,-84,-91,1,-4190.070617609638
-69,-59,-59,-65,-78,-86,-87,1,-4024.8382336001832
-57,-58,-65,-62,-77,-80,-87,1,-3844.94023503601
-63,-55,-62,-66,-76,-89,-85,1,-4010.041228862048
-64,-56,-69,-64,-73,-89,-85,1,-3995.0202333425386
-60,-57,-60,-66,-76,-82,-80,1,-3789.9502597999794
-64,-58,-59,-61,-70,-84,-86,1,-3910.040015540847
-62,-55,-57,-62,-70,-82,-86,1,-3879.908006321671
-65,-54,-57,-66,-70,-82,-80,1,-3815.0335738401704
-61,-56,-53,-62,-63,-84,-91,1,-4005.101653785749
-65,-56,-55,-65,-68,-85,-93,1,-4110.047635858771
-65,-55,-55,-67,-63,-82,-89,1,-4004.974983799618
-59,-57,-62,-61,-68,-80,-83,1,-3764.9071447271035
-65,-59,-65,-63,-68,-80,-83,1,-3815.1279570058464
-63,-58,-62,-71,-74,-92,-94,1,-4284.994587688176
-63,-59,-61,-62,-78,-90,-82,1,-3925.152504261026
-65,-60,-67,-66,-68,-84,-89,1,-4025.018692368129
-65,-58,-67,-67,-70,-87,-84,1,-3980.0030399815314
-65,-58,-70,-66,-71,-85,-83,1,-3919.966792171917
-65,-59,-65,-67,-89,-85,-83,1,-3929.9002547608147
-63,-58,-64,-66,-70,-81,-91,1,-4010.0120349725885
-61,-54,-56,-59,-68,-82,-83,1,-3785.1411151104494
-59,-54,-59,-59,-67,-86,-80,1,-3774.8673704844796
-62,-56,-56,-61,-68,-81,-86,1,-3854.9511574786934
-61,-51,-58,-62,-71,-80,-84,1,-3804.924529201812
-59,-54,-56,-62,-67,-81,-82,1,-3770.006871386812
-58,-54,-58,-62,-75,-81,-81,1,-3745.117825050337
-57,-53,-59,-64,-71,-80,-79,1,-3704.9078636762542
-63,-55,-62,-63,-70,-80,-75,1,-3645.1698933604166
-62,-54,-56,-64,-75,-88,-85,1,-3970.0586622109054
-62,-58,-57,-62,-72,-81,-81,1,-3764.88589222293
-62,-58,-57,-65,-68,-83,-79,1,-3784.890380573256
-65,-50,-51,-57,-70,-80,-79,1,-3675.0259019603673
-63,-48,-51,-59,-69,-77,-82,1,-3700.1203382620843
-63,-51,-50,-63,-67,-83,-79,1,-3770.067617168519
-61,-53,-54,-58,-71,-82,-86,1,-3835.0367436660945
-56,-53,-58,-64,-71,-84,-87,1,-3920.0505992602834
-58,-54,-62,-66,-76,-83,-86,1,-3914.966718141748
-62,-60,-64,-74,-76,-81,-91,1,-4085.1063503934893
-64,-59,-68,-67,-74,-82,-82,1,-3859.923024073112
-66,-59,-70,-69,-76,-87,-89,1,-4105.025354854427
-64,-59,-65,-64,-74,-88,-90,1,-4080.223561989743
-64,-54,-65,-63,-71,-85,-89,1,-4004.940351401519
-63,-57,-65,-71,-75,-82,-86,1,-3974.974926610099
-62,-56,-64,-69,-75,-81,-84,1,-3895.0819188880055
-63,-58,-65,-66,-78,-81,-88,1,-3950.0508241456937
-63,-58,-65,-66,-73,-86,-89,1,-4045.041872114833
-65,-60,-65,-66,-73,-84,-93,1,-4104.959237680018
-63,-58,-64,-67,-74,-87,-87,1,-4030.25442236274
-64,-59,-66,-63,-74,-87,-87,1,-3995.005477003199
-64,-54,-56,-65,-74,-85,-87,1,-3985.00279361878
-62,-55,-63,-61,-68,-81,-83,1,-3795.0476104056575
-60,-54,-57,-66,-64,-81,-83,1,-3835.090218644442
-59,-55,-65,-62,-62,-81,-77,1,-3670.152487025595
-63,-52,-56,-59,-66,-80,-80,1,-3704.9951533753256
-60,-59,-58,-63,-72,-82,-79,1,-3740.1349837785065
-62,-55,-61,-60,-63,-84,-80,1,-3769.88648039741
-62,-51,-58,-61,-63,-77,-80,1,-3674.785053741059
-56,-50,-56,-62,-61,-79,-85,1,-3785.1526928694366
-62,-51,-53,-60,-67,-78,-85,1,-3779.8528747681703
-58,-55,-58,-61,-67,-78,-80,1,-3670.019399273069
-60,-53,-60,-62,-73,-81,-82,1,-3774.857323183578
-60,-53,-59,-64,-70,-80,-90,1,-3939.932356126074
-60,-56,-58,-65,-70,-80,-87,1,-3890.1203407482485
-59,-54,-59,-64,-74,-80,-81,1,-3754.9190671650395
-62,-55,-58,-68,-69,-83,-88,1,-3995.014690578118
-62,-58,-59,-66,-68,-87,-88,1,-4035.002103705744
-63,-58,-56,-66,-73,-87,-83,1,-3939.9679720923286
-56,-47,-56,-61,-67,-78,-88,1,-3820.0861227604555
-62,-51,-54,-59,-64,-77,-81,1,-3675.0713315751063
-62,-51,-61,-71,-67,-79,-80,1,-3805.109511178961
-58,-54,-58,-58,-67,-84,-88,1,-3890.1066083644687
-57,-54,-56,-56,-68,-79,-82,1,-3669.9822808485687
-56,-54,-58,-62,-68,-77,-81,1,-3675.041521296463
-60,-58,-62,-61,-62,-81,-84,1,-3804.844384100813
-60,-55,-58,-57,-75,-74,-82,1,-3619.9719200912314
-61,-56,-57,-56,-75,-74,-81,1,-3595.210494225362
-58,-55,-59,-58,-72,-77,-81,1,-3644.9909398614463
-59,-49,-53,-59,-62,-81,-83,1,-3760.0455405601624
-60,-52,-51,-59,-73,-79,-81,1,-3695.0360109267963
-57,-56,-56,-61,-70,-77,-77,1,-3589.9833684740606
-57,-57,-59,-61,-67,-80,-83,1,-3755.018731048478
-62,-50,-61,-64,-73,-80,-81,1,-3769.7920049764675
-62,-54,-62,-68,-80,-80,-78,1,-3750.0681561286638
-63,-57,-63,-64,-73,-86,-81,1,-3864.9769250267973
-62,-57,-54,-66,-71,-81,-83,1,-3845.261934006328
-61,-55,-59,-58,-66,-79,-78,1,-3630.1231405800654
-60,-59,-56,-63,-64,-82,-81,1,-3779.9942138043184
-56,-53,-64,-61,-72,-84,-81,1,-3769.9376249115753
-57,-53,-56,-58,-68,-75,-80,1,-3589.930297639693
-60,-55,-60,-59,-67,-81,-87,1,-3844.882903154643
-62,-56,-57,-63,-69,-87,-91,1,-4064.919909042394
-58,-59,-56,-64,-68,-82,-87,1,-3900.046909792329
-63,-56,-61,-61,-68,-83,-87,1,-3910.060462633707
-64,-57,-63,-59,-69,-82,-86,1,-3859.9077844287754
-64,-61,-62,-65,-70,-85,-87,1,-3985.0530996888087
-61,-58,-60,-61,-74,-78,-83,1,-3745.014024441755
-65,-56,-63,-66,-80,-83,-88,1,-3989.92673333067
-62,-56,-63,-66,-74,-82,-80,1,-3800.182478583734
-62,-49,-59,-63,-62,-80,-79,1,-3720.058524901335
-58,-54,-52,-61,-74,-75,-82,1,-3664.961408449202
-62,-52,-57,-60,-70,-81,-74,1,-3604.842340856701
-65,-53,-53,-57,-64,-87,-80,1,-3799.9807921534066
-59,-51,-58,-57,-64,-76,-85,1,-3704.827861993895
-57,-54,-59,-63,-65,-80,-80,1,-3715.0388668363134
-62,-50,-57,-59,-72,-82,-84,1,-3809.9171662287254
-56,-51,-62,-62,-71,-77,-82,1,-3695.0258103624496
-57,-56,-58,-58,-66,-85,-80,1,-3739.972873456173
-58,-54,-61,-59,-68,-78,-76,1,-3570.01380112732
-62,-56,-61,-65,-74,-78,-76,1,-3649.8834437688834
-60,-54,-61,-65,-70,-82,-88,1,-3939.9941013786683
-62,-63,-62,-65,-68,-87,-86,1,-3985.003924431853
-62,-57,-61,-64,-68,-82,-82,1,-3820.0424394821616
-60,-58,-57,-65,-69,-80,-89,1,-3930.0564193305167
-62,-56,-59,-68,-74,-95,-84,1,-4095.039839809471
-60,-53,-59,-64,-65,-76,-81,1,-3699.9761430620315
-60,-54,-57,-60,-66,-80,-88,1,-3860.070309801171
-59,-55,-61,-65,-68,-84,-84,1,-3885.0279900313776
-58,-49,-55,-60,-70,-78,-80,1,-3659.9986201005963
-62,-49,-56,-63,-67,-78,-80,1,-3709.9899841259275
-63,-48,-54,-65,-67,-82,-80,1,-3795.034931311792
-57,-56,-54,-69,-75,-83,-81,1,-3840.1658529560596
-62,-55,-59,-63,-72,-76,-87,1,-3819.8212721845553
-61,-50,-59,-67,-65,-79,-86,1,-3879.990753830686
-66,-56,-54,-69,-65,-82,-82,1,-3890.0792012471607
-63,-54,-55,-67,-71,-82,-87,1,-3955.101775699003
-60,-57,-58,-64,-70,-84,-79,1,-3779.929852436144
-61,-56,-58,-67,-68,-80,-81,1,-3794.886318068536
-61,-62,-64,-65,-73,-81,-90,1,-3969.9123522201703
-66,-58,-58,-68,-73,-85,-78,1,-3844.9900701416896
-66,-56,-57,-66,-73,-84,-87,1,-3990.0693175741944
-63,-54,-55,-64,-72,-84,-81,1,-3835.0221473575157
-58,-53,-58,-64,-73,-82,-82,1,-3800.065893103493
-58,-48,-59,-59,-64,-84,-77,1,-3679.831981537072
-56,-55,-59,-68,-74,-84,-79,1,-3800.039791344095
-59,-54,-63,-72,-75,-81,-78,1,-3790.0258810567357
-58,-56,-61,-66,-75,-84,-78,1,-3770.0204211754926
-61,-54,-57,-67,-67,-82,-84,1,-3884.961090087133
-62,-56,-67,-63,-68,-82,-86,1,-3890.0464022607043
-59,-54,-56,-65,-74,-79,-85,1,-3829.7633435733264
-58,-59,-59,-65,-65,-82,-94,1,-4049.9097222176015
-63,-54,-61,-66,-73,-84,-88,1,-3995.1331362975593
-63,-57,-58,-62,-73,-86,-85,1,-3924.8916155625043
-64,-52,-63,-62,-71,-84,-79,1,-3780.030559679141
-62,-57,-58,-65,-71,-87,-86,1,-3985.0119099747676
-57,-56,-60,-58,-70,-79,-84,1,-3730.045877516429
-57,-54,-57,-61,-62,-80,-79,1,-3674.746577789599
-63,-59,-65,-62,-65,-83,-80,1,-3780.015385131005
-62,-59,-61,-59,-69,-82,-83,1,-3790.005018290116
-56,-56,-62,-64,-70,-79,-86,1,-3825.083237826404
-57,-52,-60,-61,-66,-81,-85,1,-3809.9801307885377
-59,-55,-58,-61,-67,-77,-79,1,-3639.993317157285
-57,-56,-59,-59,-64,-79,-78,1,-3619.8357325429306
-58,-58,-61,-59,-69,-81,-80,1,-3694.9886105429573
-62,-58,-57,-58,-69,-94,-77,1,-3839.9444097980495
-59,-60,-60,-62,-67,-94,-77,1,-3865.034459547369
-62,-55,-58,-62,-67,-81,-77,1,-3685.1307852850573
-59,-54,-60,-60,-66,-83,-78,1,-3699.8805200991233
-63,-55,-63,-62,-68,-89,-85,1,-3969.933587320934
-63,-59,-61,-61,-66,-79,-80,1,-3710.15252538491
-59,-57,-59,-64,-73,-79,-84,1,-3800.1868219601556
-62,-53,-61,-59,-74,-84,-81,1,-3780.074590810007
-58,-51,-59,-65,-74,-86,-82,1,-3870.1198579754036
-60,-55,-58,-61,-72,-83,-82,1,-3794.935111844881
-63,-57,-57,-65,-75,-83,-76,1,-3729.869870724509
-64,-57,-56,-63,-68,-85,-81,1,-3845.0271277170236
-59,-57,-63,-66,-65,-82,-78,1,-3745.04951629113
-63,-60,-58,-64,-66,-83,-90,1,-3999.887085561084
-65,-56,-60,-66,-74,-89,-90,1,-4120.046653423846
-61,-56,-63,-62,-73,-87,-91,1,-4049.908459662258
-62,-59,-61,-66,-75,-86,-80,1,-3860.0696882695092
-63,-52,-61,-64,-75,-80,-83,1,-3815.044880062268
-58,-51,-59,-63,-69,-81,-80,1,-3735.085722787903
-61,-56,-65,-65,-66,-77,-81,1,-3729.85207815275
-61,-56,-62,-67,-66,-81,-88,1,-3950.046338040939
-59,-55,-63,-67,-66,-82,-86,1,-3915.0696279701665
-62,-55,-65,-59,-69,-86,-87,1,-3929.9049790489553
-61,-54,-64,-59,-68,-86,-88,1,-3944.844816809237
-61,-56,-65,-59,-68,-86,-88,1,-3945.0726414892406
-61,-57,-65,-59,-67,-86,-87,1,-3924.8181455454346
-60,-57,-66,-60,-68,-87,-89,1,-3985.0678259116066
-61,-59,-63,-60,-69,-87,-88,1,-3970.1584901515553
-63,-58,-66,-63,-68,-87,-83,1,-3910.028062560167
-63,-57,-59,-66,-71,-82,-83,1,-3865.0161186920045
-59,-52,-61,-61,-76,-75,-78,1,-3589.9103969690277
-65,-62,-60,-65,-68,-83,-82,1,-3859.975356545919
-66,-53,-58,-63,-69,-81,-80,1,-3774.9365037822517
-66,-53,-59,-62,-69,-81,-79,1,-3744.8700675170653
-60,-56,-62,-61,-69,-82,-81,1,-3759.848352947993
-56,-50,-58,-63,-68,-83,-83,1,-3815.1682778390773
-59,-59,-58,-62,-64,-78,-81,1,-3704.994469481892
-60,-57,-58,-66,-65,-77,-80,1,-3714.9498152446126
-59,-56,-58,-68,-62,-80,-81,1,-3794.981217284199
-59,-54,-57,-65,-62,-80,-82,1,-3785.0298839398897
-58,-53,-61,-62,-64,-78,-81,1,-3700.1334811472952
-59,-60,-61,-66,-66,-81,-85,1,-3870.0154080624197
-56,-58,-60,-59,-66,-80,-77,1,-3610.0201670290603
-57,-59,-58,-66,-67,-78,-82,1,-3755.0256592495543
-62,-53,-58,-65,-67,-82,-84,1,-3870.134620001097
-60,-59,-61,-62,-68,-81,-85,1,-3835.0712140998526
-61,-57,-63,-67,-72,-77,-82,1,-3770.0871239016046
-61,-55,-62,-62,-65,-82,-81,1,-3775.1727562761635
-57,-55,-58,-64,-65,-87,-79,1,-3810.0060936664304
-61,-52,-54,-63,-64,-84,-82,1,-3834.8813268101326
-61,-54,-54,-67,-60,-81,-83,1,-3849.8533563940396
-59,-57,-53,-61,-63,-79,-87,1,-3829.9885139004045
-62,-54,-55,-61,-63,-84,-81,1,-3800.0895883979174
-62,-54,-58,-64,-65,-77,-85,1,-3805.059566715672
-59,-54,-58,-59,-63,-81,-80,1,-3700.0572815364426
-58,-55,-58,-61,-64,-81,-84,1,-3794.8842998066175
-61,-54,-64,-63,-68,-83,-81,1,-3799.9392767005447
-62,-57,-61,-63,-65,-83,-82,1,-3824.933256254268
-67,-56,-65,-68,-69,-83,-82,1,-3899.9621277215847
-63,-57,-60,-64,-72,-80,-78,1,-3715.0144036401107
-62,-57,-63,-67,-66,-87,-80,1,-3884.967317071406
-63,-57,-66,-66,-68,-83,-81,1,-3840.0992771872843
-62,-57,-59,-72,-73,-86,-82,1,-3959.8460554212725
-64,-66,-54,-67,-70,-83,-82,1,-3874.932957134389
-62,-63,-57,-69,-71,-82,-82,1,-3869.917636187954
-64,-64,-58,-75,-68,-82,-80,1,-3899.9954854668767
-64,-62,-57,-69,-67,-77,-81,1,-3784.9667486240196
-63,-63,-57,-68,-71,-79,-82,1,-3819.87961199116
-61,-55,-58,-67,-69,-84,-86,1,-3954.9999602681364
-65,-51,-59,-61,-66,-81,-84,1,-3829.947524776016
-61,-58,-60,-64,-73,-81,-82,1,-3799.9164800331473
-64,-55,-62,-66,-65,-85,-81,1,-3875.005208405983
-62,-59,-59,-64,-65,-80,-81,1,-3769.9642827168855
-59,-55,-56,-64,-69,-83,-84,1,-3859.9492899629404
-64,-56,-60,-61,-67,-78,-85,1,-3800.0204202376144
-60,-56,-56,-64,-67,-84,-85,1,-3900.0695630531573
-58,-54,-59,-62,-68,-79,-87,1,-3834.920072005957
-59,-52,-61,-57,-69,-83,-78,1,-3669.9124134836416
-56,-55,-56,-59,-64,-83,-83,1,-3775.090712310122
-60,-56,-56,-63,-65,-80,-83,1,-3789.99329811896
-59,-53,-64,-60,-68,-82,-81,1,-3744.932693835454
-58,-52,-64,-64,-66,-88,-83,1,-3909.908237258323
-59,-51,-64,-57,-69,-80,-80,1,-3664.9811879251038
-58,-50,-59,-58,-68,-80,-81,1,-3690.125018618907
-61,-53,-53,-61,-63,-77,-81,1,-3690.0251167398246
-58,-50,-55,-54,-61,-84,-87,1,-3830.2319439286716
-60,-58,-56,-65,-68,-79,-86,1,-3854.899845049479
-62,-56,-59,-58,-67,-78,-79,1,-3640.0371822572706
-62,-59,-62,-60,-68,-80,-89,1,-3890.038225287066
-61,-58,-64,-61,-64,-78,-82,1,-3724.986320932717
-61,-59,-62,-61,-66,-80,-88,1,-3875.2022352960716
-60,-51,-59,-63,-68,-81,-76,1,-3665.025660249367
-60,-58,-57,-59,-66,-82,-83,1,-3780.0790796686115
-61,-54,-60,-62,-66,-79,-85,1,-3810.047842540337
-59,-54,-60,-65,-66,-80,-90,1,-3945.0681751929264
-61,-59,-62,-65,-66,-81,-83,1,-3830.080663558469
-61,-56,-61,-74,-69,-87,-89,1,-4130.043544310536
-66,-55,-60,-69,-66,-85,-87,1,-4034.8196234148213
-64,-58,-60,-68,-66,-86,-88,1,-4049.962187599801
-66,-58,-64,-67,-71,-85,-87,1,-4014.796685189759
-62,-59,-62,-63,-65,-87,-87,1,-3984.9876756186086
-60,-56,-59,-66,-68,-81,-83,1,-3835.1917450562723
-59,-53,-58,-66,-65,-82,-78,1,-3745.0385392958465
-62,-54,-60,-61,-71,-86,-80,1,-3809.970496911612
-61,-59,-54,-65,-66,-81,-89,1,-3949.8619856042055
-62,-57,-58,-63,-70,-85,-86,1,-3934.973412230322
-63,-59,-57,-65,-69,-80,-86,1,-3885.0497275776816
-67,-61,-63,-65,-71,-81,-87,1,-3940.09525839706
-64,-55,-60,-74,-66,-87,-87,1,-4104.942285879033
-65,-57,-62,-70,-67,-85,-87,1,-4039.958050088831
-64,-57,-60,-70,-69,-86,-83,1,-3969.848187929097
-65,-58,-61,-71,-69,-87,-83,1,-4000.0069670541843
-64,-56,-61,-73,-66,-88,-83,1,-4029.995913415718
-62,-57,-60,-64,-67,-80,-88,1,-3909.9515088840735
-60,-53,-60,-67,-64,-81,-79,1,-3765.0322146174913
-61,-60,-60,-65,-67,-82,-78,1,-3744.8593437950562
-63,-58,-62,-65,-68,-81,-74,1,-3660.1085778256065
-59,-56,-61,-66,-71,-83,-82,1,-3839.9737834822463
-63,-59,-61,-68,-71,-81,-87,1,-3949.9639685032535
-63,-58,-61,-67,-69,-86,-85,1,-3975.109995629629
-64,-56,-58,-71,-69,-88,-84,1,-4029.905233816463
-68,-51,-59,-67,-65,-80,-87,1,-3949.901247329235
-63,-57,-63,-64,-67,-81,-83,1,-3830.10909506036
-66,-57,-64,-61,-69,-82,-88,1,-3930.022775683239
-64,-57,-60,-60,-65,-80,-91,1,-3940.2089246620853
-58,-50,-61,-68,-64,-85,-91,1,-4064.9339356851738
-59,-58,-62,-67,-65,-80,-83,1,-3825.097656806533
-63,-61,-61,-63,-68,-82,-83,1,-3834.964269494077
-65,-58,-61,-62,-71,-81,-86,1,-3879.8348579485764
-63,-59,-60,-65,-69,-81,-84,1,-3859.806531154376
-65,-59,-61,-67,-70,-80,-83,1,-3855.076756945964
-66,-57,-59,-64,-69,-82,-84,1,-3879.961182255378
-62,-57,-60,-61,-69,-93,-90,1,-4114.927457977702
-63,-58,-58,-64,-66,-81,-83,1,-3829.9687087568095
-62,-58,-58,-63,-68,-82,-84,1,-3850.0494321301294
-62,-56,-57,-64,-65,-85,-83,1,-3885.051565217784
-62,-57,-56,-63,-66,-84,-82,1,-3840.018948496466
-62,-55,-54,-62,-69,-79,-81,1,-3735.059926321437
-62,-53,-59,-62,-66,-82,-87,1,-3900.0836140034767
-65,-56,-62,-62,-68,-83,-90,1,-3989.920213626848
-65,-54,-60,-64,-65,-87,-82,1,-3909.998957297138
-60,-53,-60,-61,-69,-81,-83,1,-3784.8332564152674
-59,-56,-62,-59,-67,-75,-78,1,-3570.2679570683085
-61,-52,-60,-61,-68,-80,-84,1,-3794.962607748303
-64,-60,-63,-63,-72,-86,-84,1,-3920.148515726462
-62,-51,-58,-65,-72,-80,-88,1,-3920.161502685992
-60,-54,-56,-64,-70,-78,-80,1,-3710.1903394411634
-62,-53,-62,-64,-68,-79,-82,1,-3775.0932914186837
-63,-51,-57,-60,-66,-79,-82,1,-3739.8913809011915
-63,-51,-58,-63,-68,-81,-87,1,-3900.0072569147846
-66,-52,-63,-63,-68,-80,-87,1,-3900.050144415427
-62,-58,-59,-59,-67,-80,-77,1,-3640.1544437320035
-62,-56,-61,-63,-65,-83,-89,1,-3964.9521506507735
-61,-51,-60,-63,-66,-82,-87,1,-3904.996800321206
-62,-53,-64,-65,-69,-85,-85,1,-3935.1009141427767
-64,-55,-54,-64,-68,-89,-81,1,-3915.025847334936
-65,-54,-56,-64,-66,-79,-81,1,-3770.032271985312
-66,-56,-59,-62,-67,-80,-78,1,-3709.8680398851398
-60,-62,-66,-66,-71,-84,-85,1,-3919.922773169546
-62,-64,-62,-65,-75,-82,-86,1,-3910.001268218744
-61,-56,-63,-77,-67,-82,-96,1,-4224.854995875425
-64,-52,-59,-59,-66,-86,-87,1,-3939.911985476861
-60,-54,-59,-65,-66,-83,-84,1,-3874.863076482505
-61,-58,-58,-62,-66,-81,-81,1,-3760.1346201666543
-62,-54,-60,-61,-70,-79,-81,1,-3724.9268021359103
-61,-57,-59,-62,-69,-78,-83,1,-3755.090834095571
-64,-57,-63,-59,-68,-82,-83,1,-3800.014942471377
-63,-57,-66,-63,-68,-82,-82,1,-3815.16938909992
-58,-57,-66,-61,-68,-85,-83,1,-3835.07550139557
-61,-56,-67,-61,-69,-82,-87,1,-3884.96118807072
-60,-56,-67,-62,-69,-82,-86,1,-3869.9222286506256
-61,-56,-66,-65,-71,-85,-88,1,-3989.9971846255967
-60,-57,-66,-64,-70,-84,-88,1,-3960.1910921856606
-61,-56,-64,-61,-72,-83,-86,1,-3880.0200720243724
-60,-57,-63,-62,-72,-85,-86,1,-3915.068381880884
-62,-60,-61,-66,-69,-80,-86,1,-3890.1534396361376
-64,-59,-62,-63,-69,-84,-81,1,-3830.2420783283437
-61,-58,-60,-62,-70,-81,-85,1,-3840.046638809932
-65,-61,-63,-63,-69,-82,-84,1,-3865.031232895004
-68,-56,-65,-67,-76,-87,-85,1,-4014.895217131888
-67,-56,-60,-66,-73,-93,-87,1,-4130.15105173732
-66,-55,-64,-71,-75,-94,-83,1,-4110.183511001499
-65,-57,-63,-71,-76,-87,-86,1,-4059.8162553428747
-64,-56,-64,-71,-75,-87,-87,1,-4075.168476886413
-64,-57,-63,-71,-77,-87,-83,1,-3994.881231165791
-65,-58,-65,-65,-74,-89,-85,1,-4009.9565052783996
-67,-65,-67,-68,-75,-87,-84,1,-3999.8491990030266
-70,-62,-62,-67,-69,-88,-86,1,-4059.9314507540766
-64,-58,-60,-67,-68,-84,-81,1,-3869.886044157844
-62,-53,-57,-60,-69,-87,-86,1,-3934.920830534799
-61,-56,-60,-58,-67,-79,-82,1,-3710.112846085716
-65,-54,-65,-70,-74,-83,-82,1,-3909.8922719430516
-67,-57,-67,-68,-75,-85,-80,1,-3889.9630040052575
-67,-55,-68,-67,-74,-83,-83,1,-3909.9715720285576
-68,-57,-66,-69,-76,-81,-82,1,-3884.9501232529965
-67,-56,-65,-66,-75,-83,-81,1,-3859.9631787638186
-68,-55,-66,-68,-75,-82,-83,1,-3910.0094486515018
-67,-57,-64,-68,-75,-82,-82,1,-3884.9119460139327
-68,-55,-73,-65,-76,-82,-82,1,-3859.890643017678
-68,-55,-67,-70,-76,-82,-81,1,-3889.8198928442616
-68,-56,-66,-69,-75,-82,-83,1,-3919.9651046647127
-68,-57,-67,-68,-75,-83,-83,1,-3924.8202966076424
-67,-56,-67,-70,-74,-81,-82,1,-3890.083108385473
-69,-59,-70,-67,-75,-82,-82,1,-3885.0403478193334
-63,-58,-59,-65,-74,-86,-84,1,-3935.028770944861
-68,-55,-63,-61,-74,-79,-85,1,-3834.898228286666
-67,-57,-60,-60,-75,-83,-87,1,-3919.8837402281415
-68,-57,-60,-61,-73,-87,-87,1,-3994.9263787557693
-66,-56,-60,-63,-74,-87,-93,1,-4125.048839048721
-69,-58,-56,-61,-73,-81,-93,1,-4029.902993034188
-66,-57,-61,-61,-73,-81,-90,1,-3955.1029189482333
-66,-57,-62,-61,-74,-81,-89,1,-3935.05368144127
-65,-57,-60,-64,-74,-81,-90,1,-3979.84225940025
-66,-57,-60,-68,-74,-82,-88,1,-4000.0790691333277
-66,-57,-64,-62,-68,-87,-88,1,-4015.0975525047706
-63,-57,-64,-69,-75,-85,-83,1,-3940.0914328969056
-66,-58,-64,-63,-73,-83,-86,1,-3925.0314357238917
-62,-58,-62,-65,-75,-90,-81,1,-3930.0337778194926
-62,-59,-62,-63,-74,-86,-81,1,-3849.8797277348795
-66,-58,-61,-63,-73,-81,-85,1,-3874.9743363921866
-66,-60,-62,-62,-70,-82,-85,1,-3879.941157283695
-60,-52,-59,-65,-66,-82,-80,1,-3779.943249483895
-61,-59,-58,-62,-65,-78,-78,1,-3655.1496599794327
-60,-57,-58,-59,-70,-76,-80,1,-3629.9599224147973
-62,-52,-56,-63,-64,-78,-81,1,-3729.870705293982
-58,-56,-51,-59,-65,-81,-84,1,-3775.050418909403
-59,-57,-60,-58,-67,-80,-79,1,-3655.0363646157775
-59,-57,-60,-60,-63,-81,-77,1,-3649.9703323743324
-55,-53,-57,-67,-64,-80,-78,1,-3704.97502012847
-57,-53,-54,-61,-73,-86,-81,1,-3804.9410750370535
-62,-52,-59,-62,-64,-80,-81,1,-3750.0414191192776
-61,-55,-56,-66,-73,-79,-80,1,-3750.162333951386
-62,-55,-64,-61,-60,-81,-77,1,-3674.8314861995545
-60,-51,-61,-63,-64,-86,-81,1,-3839.8170343551615
-60,-59,-55,-66,-66,-82,-86,1,-3909.9078140430966
-61,-54,-60,-60,-64,-79,-81,1,-3709.9731705779186
-59,-52,-58,-65,-66,-82,-80,1,-3775.044614448705
-64,-52,-57,-61,-66,-82,-81,1,-3780.0051299623497
-64,-50,-55,-63,-66,-78,-82,1,-3760.0905906394223
-61,-53,-52,-60,-72,-75,-81,1,-3650.0261109408266
-61,-52,-58,-59,-70,-76,-79,1,-3615.0269882330035
-62,-53,-55,-60,-68,-76,-79,1,-3630.137661310079
-62,-51,-54,-60,-74,-74,-82,1,-3659.813005574734
-61,-57,-58,-62,-67,-78,-76,1,-3614.9236981118124
-59,-50,-56,-59,-62,-78,-79,1,-3634.9768367934466
-59,-49,-57,-58,-65,-76,-79,1,-3594.9916669843024
-42,-53,-62,-38,-66,-65,-69,2,-2944.9635725779467
-44,-55,-61,-41,-66,-72,-68,2,-3069.9337301597375
-41,-58,-56,-40,-73,-69,-73,2,-3100.158874646804
-40,-55,-56,-41,-70,-74,-73,2,-3179.9091355608084
-38,-55,-53,-37,-72,-71,-73,2,-3085.0059312462645
-38,-54,-56,-45,-56,-72,-68,2,-3080.1411417243294
-38,-52,-54,-38,-64,-73,-77,2,-3205.024566464653
-37,-59,-57,-38,-69,-68,-73,2,-3045.2089347978595
-37,-61,-61,-37,-71,-68,-73,2,-3035.1157136851757
-37,-56,-56,-38,-68,-70,-66,2,-2935.025990038796
-37,-59,-57,-43,-73,-65,-66,2,-2909.910110742261
-39,-54,-61,-43,-75,-64,-74,2,-3064.9323878510722
-42,-57,-61,-43,-73,-67,-66,2,-2965.1004650151767
-40,-56,-58,-42,-67,-62,-71,2,-2969.983838886218
-41,-56,-54,-41,-76,-65,-68,2,-2950.1437947057816
-43,-55,-55,-39,-69,-67,-71,2,-3029.98647446191
-41,-56,-56,-38,-72,-67,-70,2,-2989.9463598220377
-41,-56,-60,-39,-72,-74,-66,2,-3024.8938815775496
-44,-52,-60,-37,-66,-67,-73,2,-3055.02987090641
-43,-55,-63,-37,-64,-67,-76,2,-3109.919112351756
-40,-59,-57,-43,-74,-65,-66,2,-2924.707695242358
-38,-57,-61,-38,-69,-73,-70,2,-3064.9308063037024
-39,-62,-58,-37,-69,-73,-72,2,-3100.000579168141
-35,-58,-61,-38,-67,-71,-71,2,-3040.0099341844607
-26,-55,-55,-38,-71,-71,-70,2,-2974.9509740573008
-38,-58,-59,-41,-65,-68,-74,2,-3099.961144419651
-27,-55,-57,-37,-67,-71,-71,2,-2989.929364927048
-19,-59,-67,-35,-65,-66,-74,2,-2915.0293951053845
-18,-63,-62,-38,-72,-71,-73,2,-2995.02018241211
-14,-58,-60,-38,-74,-74,-73,2,-3019.9417541792805
-17,-66,-61,-37,-68,-75,-77,2,-3120.007698968064
-16,-70,-58,-14,-73,-71,-80,2,-2884.9006222091925
-19,-62,-56,-13,-74,-72,-77,2,-2845.0120079193066
-18,-62,-56,-15,-71,-70,-79,2,-2870.0344116101724
-18,-62,-59,-14,-73,-71,-78,2,-2854.934406159538
-17,-63,-60,-14,-72,-72,-77,2,-2844.9650497868583
-17,-61,-60,-15,-72,-69,-79,2,-2850.037671267679
-17,-74,-60,-15,-73,-71,-80,2,-2899.822709253366
-16,-59,-60,-35,-69,-81,-78,2,-3204.975657635928
-12,-60,-62,-14,-71,-77,-71,2,-2774.9440762398335
-16,-58,-58,-13,-68,-76,-90,2,-3150.1498721701278
-21,-61,-62,-16,-76,-74,-74,2,-2854.9571541240784
-36,-57,-60,-20,-71,-74,-74,2,-2970.1985693406514
-39,-56,-58,-37,-64,-76,-72,2,-3145.064032062786
-36,-57,-61,-38,-63,-79,-71,2,-3165.0315940772234
-38,-60,-57,-38,-65,-79,-76,2,-3274.8155487385247
-38,-55,-54,-42,-63,-78,-71,2,-3199.834029815551
-38,-58,-53,-40,-63,-77,-70,2,-3144.9541263603314
-37,-61,-54,-37,-66,-74,-75,2,-3165.0709683024147
-41,-57,-51,-40,-66,-78,-71,2,-3194.929890239407
-41,-53,-49,-38,-71,-69,-75,2,-3119.9171236029983
-42,-53,-50,-47,-66,-80,-69,2,-3260.013965745286
-47,-55,-52,-49,-59,-78,-71,2,-3314.905581075844
-41,-58,-53,-38,-65,-79,-72,2,-3209.9580869299966
-45,-58,-59,-42,-66,-81,-75,2,-3359.946017686762
-41,-59,-53,-40,-69,-80,-78,2,-3364.8296237414743
-46,-58,-59,-40,-71,-78,-76,2,-3320.1468560138774
-42,-55,-57,-38,-71,-71,-76,2,-3175.016676271192
-42,-56,-50,-43,-68,-76,-77,2,-3320.0240190749005
-41,-58,-58,-42,-64,-79,-80,2,-3409.8880856926185
-39,-56,-55,-41,-62,-69,-75,2,-3139.994264885959
-38,-53,-53,-43,-78,-69,-75,2,-3154.924810594644
-45,-58,-55,-38,-68,-76,-75,2,-3245.1649584076104
-40,-56,-53,-50,-71,-79,-78,2,-3444.8900984008715
-43,-58,-56,-41,-69,-79,-78,2,-3369.980806185949
-45,-57,-58,-45,-77,-78,-80,2,-3445.113191656901
-48,-58,-57,-45,-73,-86,-92,2,-3819.941853996018
-38,-58,-60,-42,-66,-82,-79,2,-3420.08555401629
-45,-58,-58,-40,-70,-86,-80,2,-3514.937358907072
-40,-53,-56,-42,-69,-74,-78,2,-3290.1230546171155
-43,-60,-55,-46,-71,-76,-79,2,-3394.859220554382
-41,-59,-54,-41,-58,-80,-80,2,-3414.95423557777
-43,-59,-54,-39,-63,-79,-87,2,-3529.898695339231
-39,-54,-53,-45,-68,-78,-81,2,-3435.1049007488914
-48,-56,-54,-39,-67,-78,-82,2,-3440.0997263232853
-43,-58,-56,-43,-67,-78,-82,2,-3455.0048688217776
-41,-57,-55,-43,-65,-71,-76,2,-3220.0046199262492
-39,-56,-54,-48,-61,-78,-67,2,-3185.1128555601063
-38,-54,-50,-42,-60,-71,-67,2,-3014.86735775065
-38,-56,-53,-47,-61,-72,-83,2,-3400.0843995314917
-39,-56,-55,-39,-68,-74,-73,2,-3155.0639019670894
-38,-50,-71,-39,-68,-78,-74,2,-3229.9884125118215
-38,-57,-60,-39,-68,-73,-74,2,-3155.0081127355406
-37,-50,-53,-42,-65,-72,-71,2,-3104.940527372589
-40,-50,-49,-51,-65,-75,-80,2,-3434.9441390766488
-38,-52,-56,-44,-65,-71,-75,2,-3194.851313588193
-38,-51,-54,-45,-67,-72,-76,2,-3239.951945127929
-40,-55,-47,-47,-64,-75,-79,2,-3374.90533102011
-39,-56,-53,-40,-69,-75,-72,2,-3160.0004359792338
-43,-58,-50,-45,-71,-68,-74,2,-3164.8263987122004
-40,-53,-50,-40,-60,-69,-74,2,-3114.993467233347
-38,-58,-59,-37,-66,-74,-67,2,-3010.0787796253417
-38,-63,-61,-43,-64,-76,-76,2,-3280.0377320122793
-37,-56,-58,-39,-66,-70,-72,2,-3064.862345768236
-20,-63,-61,-35,-70,-73,-71,2,-2965.0471569845213
-39,-57,-55,-37,-67,-70,-73,2,-3074.9209349830753
-35,-58,-59,-40,-75,-75,-73,2,-3159.9420408947476
-19,-59,-55,-37,-73,-72,-66,2,-2864.919704330082
-20,-56,-55,-37,-61,-79,-72,2,-3094.9064719636754
-35,-54,-55,-40,-61,-79,-73,2,-3220.0019400394217
-19,-60,-56,-36,-63,-70,-75,2,-3005.1753907744815
-15,-60,-59,-37,-65,-74,-73,2,-3015.087811697289
-18,-60,-59,-17,-68,-75,-75,2,-2885.114412008368
-19,-63,-66,-20,-79,-73,-72,2,-2830.107002452034
-14,-59,-64,-16,-79,-76,-72,2,-2810.0680779317067
-13,-63,-65,-16,-74,-73,-74,2,-2799.947041175437
-13,-60,-63,-18,-70,-73,-73,2,-2799.958294783419
-12,-60,-68,-15,-74,-73,-70,2,-2704.926807792767
-12,-64,-63,-18,-69,-72,-74,2,-2799.986835479507
-17,-63,-65,-27,-86,-72,-74,2,-2915.1034059032013
-27,-59,-56,-38,-62,-75,-79,2,-3219.850350350362
-41,-58,-66,-41,-73,-71,-79,2,-3260.125482276559
-39,-54,-55,-37,-71,-64,-67,2,-2865.040037153649
-38,-56,-55,-39,-75,-71,-75,2,-3145.1098611145003
-38,-62,-57,-41,-77,-65,-68,2,-2935.0285806712336
-41,-57,-64,-42,-74,-69,-70,2,-3059.91654317653
-43,-59,-63,-40,-74,-66,-64,2,-2885.1261464530176
-44,-58,-63,-39,-80,-71,-72,2,-3114.9451474632133
-45,-58,-63,-45,-80,-76,-65,2,-3114.941315947276
-44,-57,-64,-40,-75,-69,-64,2,-2935.042082852751
-42,-58,-63,-41,-75,-69,-67,2,-2994.911039413666
-44,-57,-62,-41,-75,-65,-68,2,-2964.899255129693
-45,-58,-62,-40,-73,-70,-67,2,-3014.929738735265
-41,-59,-65,-47,-75,-68,-66,2,-3014.950351303605
-40,-63,-67,-40,-75,-70,-70,2,-3050.040766201223
-40,-56,-57,-35,-84,-70,-66,2,-2920.0022792358263
-36,-60,-57,-37,-68,-66,-77,2,-3080.0969620053615
-36,-59,-57,-19,-70,-69,-75,2,-2904.9399802821536
-17,-59,-63,-15,-70,-76,-85,2,-3074.944837190418
-35,-57,-54,-35,-64,-78,-76,2,-3214.9433655624516
-39,-54,-55,-37,-61,-77,-79,2,-3300.0378958118813
-42,-56,-52,-36,-75,-68,-81,2,-3210.0205686682484
-39,-51,-64,-38,-71,-78,-78,2,-3304.7431690251747
-43,-53,-53,-38,-63,-76,-73,2,-3194.965450314837
-40,-56,-56,-38,-66,-77,-74,2,-3214.856204044089
-41,-59,-53,-40,-62,-72,-76,2,-3204.910984475293
-42,-59,-57,-51,-62,-72,-76,2,-3320.1063414387195
-49,-62,-59,-43,-78,-79,-81,2,-3479.9727114554016
-48,-61,-58,-44,-75,-80,-89,2,-3660.0341068347593
-50,-54,-60,-43,-74,-76,-77,2,-3360.045351029969
-49,-56,-58,-42,-77,-76,-78,2,-3364.8415454574833
-51,-57,-59,-45,-77,-75,-81,2,-3449.9967468805394
-50,-58,-57,-42,-76,-74,-80,2,-3380.1174638207253
-48,-58,-58,-44,-71,-77,-79,2,-3414.9332594755497
-50,-55,-58,-43,-73,-75,-80,2,-3405.00488493562
-50,-56,-63,-45,-71,-76,-78,2,-3400.0359881918425
-50,-57,-58,-44,-82,-75,-78,2,-3374.7627318936807
-50,-55,-59,-41,-82,-75,-78,2,-3345.130238786756
-48,-63,-58,-44,-74,-79,-78,2,-3425.099149265607
-45,-56,-60,-46,-81,-79,-75,2,-3370.0327518938607
-50,-57,-61,-50,-74,-83,-79,2,-3574.9531963302566
-50,-57,-57,-50,-70,-77,-80,2,-3505.005069100577
-50,-55,-57,-48,-80,-81,-76,2,-3465.0574938328073
-49,-56,-60,-47,-72,-80,-79,2,-3495.033265852163
-48,-57,-60,-44,-71,-85,-77,2,-3495.1476575769593
-49,-56,-59,-49,-74,-82,-80,2,-3565.0692936293826
-48,-63,-55,-42,-71,-81,-79,2,-3454.9728890747097
-44,-63,-67,-46,-63,-81,-78,2,-3454.921022597002
-40,-59,-67,-50,-68,-79,-78,2,-3444.974218006759
-40,-63,-64,-50,-64,-75,-78,2,-3384.839033836338
-52,-60,-65,-48,-64,-79,-75,2,-3424.958829335118
-42,-58,-65,-46,-71,-77,-73,2,-3284.8168755846573
-42,-61,-63,-44,-74,-76,-75,2,-3290.1483086100884
-43,-62,-66,-43,-73,-77,-76,2,-3319.9124440016394
-41,-60,-65,-51,-72,-74,-78,2,-3385.0195178086005
-44,-59,-63,-42,-72,-79,-80,2,-3425.129070059751
-43,-60,-68,-46,-72,-83,-79,2,-3499.79729861224
-40,-58,-60,-49,-72,-74,-80,2,-3400.2235508157946
-37,-54,-55,-38,-72,-76,-79,2,-3284.8998858128225
-38,-55,-57,-37,-64,-68,-73,2,-3039.973079631528
-37,-56,-55,-38,-71,-75,-78,2,-3249.8838209421024
-40,-55,-66,-39,-75,-73,-78,2,-3245.0274593207682
-40,-56,-53,-42,-65,-72,-70,2,-3099.9650638582716
-40,-59,-57,-39,-67,-81,-74,2,-3285.1541658780284
-39,-56,-53,-49,-70,-80,-75,2,-3385.0180241999506
-42,-60,-56,-44,-74,-76,-80,2,-3389.8596277032425
-44,-54,-54,-45,-73,-71,-79,2,-3314.9596701750856
-44,-57,-53,-46,-67,-78,-79,2,-3429.9635898539377
-43,-55,-55,-44,-68,-76,-79,2,-3375.058367977907
-39,-59,-57,-42,-75,-78,-74,2,-3264.9226527340415
-41,-57,-59,-44,-65,-76,-77,2,-3324.870957407469
-42,-57,-51,-41,-69,-77,-75,2,-3275.1048327078875
-45,-58,-55,-46,-69,-75,-73,2,-3270.041428532625
-49,-56,-58,-50,-64,-75,-73,2,-3330.022767252347
-37,-58,-57,-37,-73,-75,-71,2,-3099.8439152579176
-35,-58,-55,-38,-61,-74,-79,2,-3244.936831189122
-38,-55,-57,-41,-66,-73,-69,2,-3074.974460828876
-38,-53,-53,-38,-66,-70,-69,2,-3000.145443880059
-40,-50,-52,-48,-68,-73,-71,2,-3194.8113206061944
-37,-53,-51,-37,-66,-71,-75,2,-3120.03658591555
-38,-56,-53,-28,-71,-67,-72,2,-2915.10098073552
-38,-51,-53,-37,-67,-67,-68,2,-2925.1179147628327
-37,-56,-57,-39,-61,-72,-74,2,-3134.8658058983624
-37,-56,-53,-43,-63,-72,-77,2,-3234.9907267327417
-37,-59,-54,-39,-72,-75,-70,2,-3100.113435303071
-37,-60,-53,-39,-65,-70,-68,2,-2984.9150193465453
-38,-58,-54,-38,-67,-72,-71,2,-3069.8804481760476
-37,-60,-52,-38,-65,-70,-70,2,-3014.820017976972
-37,-60,-53,-37,-64,-68,-67,2,-2914.887476517611
-38,-57,-55,-38,-62,-67,-65,2,-2875.0067994835877
-38,-56,-56,-37,-62,-67,-67,2,-2905.113184514159
-37,-59,-55,-38,-65,-67,-68,2,-2930.0216918043807
-37,-60,-53,-38,-65,-67,-70,2,-2969.955295720772
-37,-61,-55,-40,-63,-70,-67,2,-2974.9295825067525
-37,-58,-56,-38,-63,-75,-74,2,-3169.9114928750205
-38,-59,-52,-44,-69,-68,-76,2,-3169.943700083241
-48,-58,-56,-38,-65,-67,-76,2,-3144.9284071805787
-45,-58,-65,-38,-65,-66,-70,2,-2995.0521912279064
-40,-58,-52,-41,-66,-63,-75,2,-3055.0321165314117
-38,-52,-59,-48,-67,-64,-75,2,-3130.1453941474065
-39,-55,-55,-47,-80,-66,-63,2,-2914.929621453673
-37,-55,-57,-42,-63,-65,-64,2,-2859.989063653037
-43,-53,-51,-42,-73,-71,-66,2,-3020.1095627054724
-42,-53,-50,-44,-71,-68,-64,2,-2950.0716618528936
-42,-54,-51,-47,-64,-70,-65,2,-3030.1658833267106
-42,-55,-49,-45,-64,-70,-65,2,-3010.015788506601
-42,-54,-50,-45,-63,-68,-64,2,-2959.938525831135
-42,-53,-49,-44,-74,-70,-65,2,-3000.1365258546184
-40,-54,-49,-43,-62,-70,-65,2,-2980.135752687085
-40,-53,-50,-40,-62,-69,-65,2,-2935.0981668542686
-42,-54,-49,-41,-63,-69,-64,2,-2935.0835703597013
-40,-52,-51,-45,-64,-70,-65,2,-2999.9430772572177
-39,-53,-51,-40,-64,-67,-64,2,-2880.015605085398
-40,-52,-50,-41,-64,-69,-66,2,-2965.0331534672046
-40,-55,-49,-40,-61,-69,-66,2,-2954.9776079760104
-40,-53,-49,-41,-71,-66,-65,2,-2899.927593614905
-40,-52,-49,-41,-62,-69,-65,2,-2944.950930589709
-40,-53,-53,-40,-64,-64,-73,2,-3020.0895111163627
-42,-54,-52,-40,-61,-73,-71,2,-3124.9648767289304
-41,-58,-48,-40,-62,-72,-76,2,-3205.145888275605
-41,-55,-58,-43,-60,-71,-72,2,-3140.1146568658246
-40,-55,-52,-43,-60,-76,-72,2,-3209.9827553323166
-41,-55,-54,-40,-62,-71,-72,2,-3109.971962600556
-39,-53,-51,-43,-70,-72,-70,2,-3105.1001002017874
-41,-52,-57,-41,-63,-73,-68,2,-3069.9216144940947
-41,-52,-55,-40,-62,-76,-64,2,-3024.933808171341
-36,-60,-53,-35,-72,-71,-64,2,-2875.0653659015434
-37,-55,-55,-42,-69,-66,-69,2,-2974.984496749499
-35,-56,-55,-36,-69,-67,-78,2,-3100.0520050075065
-37,-54,-55,-42,-63,-71,-78,2,-3229.7983211309734
-37,-51,-54,-43,-60,-69,-70,2,-3049.9367747486126
-36,-55,-53,-46,-63,-68,-71,2,-3080.09375693177
-38,-54,-53,-42,-69,-72,-66,2,-3010.0800595013193
-36,-51,-67,-40,-63,-74,-68,2,-3050.16070189793
-36,-56,-53,-43,-63,-65,-70,2,-2984.9478703087357
-35,-53,-55,-47,-61,-66,-71,2,-3054.8553229339086
-35,-53,-57,-46,-64,-65,-70,2,-3010.0449826161794
-35,-54,-59,-46,-62,-66,-70,2,-3025.1183942973603
-35,-53,-58,-44,-63,-68,-71,2,-3055.0332944441184
-36,-53,-57,-40,-66,-70,-69,2,-3010.098741851304
-36,-56,-57,-46,-68,-68,-70,2,-3060.0172947129154
-37,-50,-56,-39,-67,-69,-70,2,-3010.065156597755
-37,-49,-57,-42,-62,-64,-71,2,-2984.94375292901
-36,-54,-53,-46,-63,-66,-76,2,-3150.0536810275094
-35,-59,-57,-42,-66,-71,-70,2,-3060.04768392787
-37,-58,-60,-37,-75,-65,-67,2,-2869.871739685876
-40,-54,-57,-42,-64,-67,-71,2,-3044.8817723833413
-44,-58,-58,-41,-75,-70,-64,2,-2960.117083129895
-41,-57,-63,-40,-73,-66,-65,2,-2895.1195220289574
-37,-56,-55,-45,-64,-61,-69,2,-2930.106457968542
-41,-58,-54,-42,-71,-65,-71,2,-3019.86183491332
-40,-55,-56,-36,-64,-65,-66,2,-2854.7415499268495
-40,-57,-58,-38,-64,-74,-79,2,-3269.9435716919543
-39,-51,-57,-36,-64,-65,-71,2,-2950.1010275515846
-35,-57,-59,-36,-63,-74,-75,2,-3145.0073977979455
-35,-57,-53,-34,-64,-76,-76,2,-3175.0096221939616
-19,-57,-59,-38,-66,-72,-71,2,-2974.9380584858786
-15,-58,-56,-15,-74,-76,-71,2,-2785.0139949654745
-14,-54,-57,-15,-69,-82,-71,2,-2869.9834494686297
-10,-57,-57,-36,-73,-82,-72,2,-3080.0261754355643
-14,-55,-57,-34,-67,-71,-72,2,-2915.150580155843
-14,-55,-58,-36,-67,-72,-74,2,-2990.16274678388
-15,-55,-57,-16,-71,-72,-74,2,-2794.926020778187
-16,-55,-56,-15,-64,-78,-76,2,-2919.9209439455144
-17,-53,-57,-17,-70,-77,-73,2,-2870.0414238660173
-34,-55,-58,-15,-65,-73,-72,2,-2855.047539759441
-34,-54,-61,-34,-70,-72,-73,2,-3049.9799574447807
-35,-55,-52,-14,-71,-69,-82,2,-2989.926254308273
-18,-50,-57,-36,-62,-66,-71,2,-2860.0995148901093
-27,-60,-56,-18,-65,-68,-72,2,-2775.1512182014217
-18,-57,-63,-16,-72,-73,-66,2,-2665.039864286886
-18,-57,-63,-34,-72,-65,-75,2,-2904.8473567247265
-37,-56,-58,-45,-65,-67,-72,2,-3079.9821669629137
-35,-58,-50,-35,-62,-72,-67,2,-2944.813009705482
-37,-51,-56,-36,-62,-72,-71,2,-3045.1729828829534
-38,-55,-51,-43,-64,-73,-73,2,-3175.136885121339
-38,-55,-51,-41,-72,-70,-73,2,-3109.974792391859
-43,-55,-54,-42,-58,-71,-72,2,-3140.0823194268087
-40,-57,-57,-43,-68,-89,-72,2,-3405.041359591502
-39,-56,-53,-46,-57,-73,-77,2,-3289.913051504334
-36,-57,-52,-40,-66,-75,-75,2,-3205.2094815932014
-40,-55,-57,-37,-71,-79,-77,2,-3294.9053960924216
-46,-54,-53,-48,-71,-78,-73,2,-3339.946275289403
-40,-57,-51,-46,-65,-75,-79,2,-3365.049998922638
-48,-56,-55,-46,-65,-86,-79,2,-3569.9685895696075
-45,-59,-54,-51,-69,-77,-85,2,-3589.8539033165544
-46,-58,-56,-43,-70,-72,-80,2,-3339.991996134268
-39,-54,-56,-40,-70,-77,-78,2,-3309.952612096101
-41,-58,-60,-47,-70,-82,-74,2,-3385.042569771627
-40,-54,-54,-45,-71,-76,-74,2,-3270.1449790782553
-42,-55,-56,-43,-73,-76,-75,2,-3280.074820122643
-41,-60,-54,-43,-73,-80,-74,2,-3314.9134949983695
-42,-54,-55,-49,-67,-80,-74,2,-3379.992221724519
-40,-55,-57,-50,-66,-75,-73,2,-3285.230996011846
-42,-55,-57,-44,-69,-73,-77,2,-3285.033973786227
-45,-55,-54,-43,-71,-89,-77,2,-3529.7910800449577
-46,-55,-54,-45,-62,-76,-73,2,-3280.145580511581
-47,-58,-55,-45,-62,-79,-85,2,-3569.9965150967037
-46,-59,-55,-49,-69,-74,-84,2,-3510.3113659774613
-45,-57,-55,-48,-67,-77,-84,2,-3540.191484663339
-46,-59,-54,-52,-67,-77,-83,2,-3564.921323941583
-43,-55,-54,-47,-67,-77,-79,2,-3419.928518912368
-39,-53,-56,-48,-66,-69,-72,2,-3150.0863892266216
-37,-52,-57,-36,-71,-66,-75,2,-3034.8502515471205
-42,-52,-54,-35,-65,-69,-73,2,-3055.0039023722306
-37,-50,-50,-36,-58,-69,-75,2,-3080.184858306038
-38,-57,-50,-38,-60,-74,-69,2,-3059.906741398598
-39,-55,-54,-48,-76,-73,-80,2,-3369.914596401155
-49,-54,-55,-53,-66,-73,-80,2,-3469.871076785603
-42,-54,-58,-41,-63,-75,-78,2,-3304.9726775748713
-40,-55,-53,-36,-60,-77,-77,2,-3254.939726175102
-37,-56,-56,-35,-69,-73,-69,2,-3010.0388922864186
-40,-59,-59,-39,-73,-71,-72,2,-3095.038792513005
-36,-58,-59,-36,-69,-71,-77,2,-3145.222649647693
-40,-58,-57,-40,-74,-79,-77,2,-3325.28544801037
-42,-51,-54,-41,-67,-72,-77,2,-3239.849262033861
-41,-55,-53,-37,-64,-79,-76,2,-3280.0286568097317
-42,-54,-49,-41,-68,-71,-77,2,-3224.923627906393
-38,-53,-51,-39,-68,-76,-72,2,-3159.9122140651025
-34,-48,-51,-37,-70,-78,-69,2,-3089.975180005215
-34,-53,-59,-36,-75,-73,-69,2,-3005.1847299549277
-35,-56,-52,-36,-72,-69,-67,2,-2910.0704295444907
-36,-55,-55,-36,-60,-73,-72,2,-3074.9726907068366
-35,-54,-56,-34,-61,-71,-74,2,-3059.973074746029
-35,-54,-54,-35,-59,-73,-70,2,-3019.902315810997
-36,-54,-54,-36,-62,-71,-70,2,-3004.76505972347
-34,-57,-55,-35,-59,-71,-69,2,-2964.946914914046
-36,-58,-52,-26,-61,-70,-70,2,-2889.9386101643245
-34,-61,-52,-27,-61,-67,-69,2,-2824.841711533265
-35,-56,-57,-34,-60,-73,-80,2,-3209.96612825991
-34,-61,-61,-36,-60,-73,-76,2,-3145.0720932898553
-35,-59,-57,-27,-61,-71,-76,2,-3029.9864090747587
-35,-60,-54,-35,-61,-81,-80,2,-3339.941582363803
-36,-60,-53,-36,-63,-70,-77,2,-3129.914667308087
-34,-62,-57,-36,-61,-71,-71,2,-3015.157702676799
-36,-59,-57,-35,-61,-65,-80,2,-3105.014496086359
-37,-59,-57,-36,-64,-66,-70,2,-2934.8306708242058
-36,-59,-55,-36,-65,-66,-70,2,-2930.028084850623
-36,-59,-55,-40,-65,-66,-69,2,-2949.950933652969
-35,-55,-56,-37,-66,-65,-69,2,-2900.0451299514925
-34,-55,-55,-36,-62,-70,-71,2,-3000.161428212442
-35,-58,-55,-36,-62,-70,-73,2,-3044.9255559606954
-41,-58,-53,-43,-61,-70,-70,2,-3084.9655695249635
-37,-56,-58,-36,-80,-72,-70,2,-3024.9966556514
-36,-60,-57,-37,-80,-72,-72,2,-3069.9933204716876
-36,-56,-62,-36,-80,-71,-69,2,-2985.0497087363156
-35,-53,-62,-35,-68,-70,-69,2,-2955.048748451729
-36,-61,-57,-27,-71,-73,-70,2,-2944.956373413473
-13,-54,-57,-21,-77,-72,-72,2,-2795.036170420933
-12,-54,-54,-11,-70,-75,-74,2,-2774.9364296767058
-17,-56,-54,-36,-66,-73,-77,2,-3079.9225506879957
-18,-53,-60,-17,-71,-74,-71,2,-2790.1389392537094
-36,-54,-56,-16,-61,-64,-79,2,-2879.9146182001746
-36,-55,-65,-34,-66,-70,-74,2,-3050.0259712030706
-36,-54,-57,-34,-60,-69,-75,2,-3055.083726831483
-39,-57,-54,-38,-56,-70,-72,2,-3065.125741497479
-26,-57,-53,-37,-67,-72,-69,2,-2959.9745002228383
-17,-57,-55,-15,-62,-68,-70,2,-2655.076207776754
-17,-56,-57,-35,-71,-69,-74,2,-2950.1161113235385
-11,-63,-65,-18,-70,-72,-73,2,-2775.1103596773046
-10,-58,-54,-18,-70,-72,-73,2,-2770.0342324756157
-12,-55,-57,-16,-70,-76,-75,2,-2860.1577035790415
-12,-56,-58,-16,-70,-75,-79,2,-2925.1594418615337
-10,-58,-62,-20,-73,-76,-74,2,-2869.9789807716857
-13,-55,-55,-21,-70,-73,-77,2,-2910.01417949231
-36,-55,-50,-41,-66,-72,-69,2,-3049.877530220044
-35,-52,-55,-38,-62,-66,-85,2,-3245.1804557583714
-38,-54,-52,-36,-63,-65,-70,2,-2924.871451875184
-39,-52,-53,-36,-61,-67,-70,2,-2959.887692109859
-40,-53,-55,-37,-71,-75,-74,2,-3174.9796214210182
-40,-54,-52,-38,-60,-69,-75,2,-3115.0126894718956
-38,-54,-51,-37,-66,-74,-76,2,-3189.9819325177145
-37,-58,-55,-38,-60,-74,-76,2,-3194.991031163552
-41,-53,-56,-36,-62,-75,-77,2,-3229.9519682105906
-43,-56,-59,-37,-64,-74,-77,2,-3234.9240863529953
-36,-55,-59,-37,-63,-70,-73,2,-3060.0482017770773
-48,-53,-60,-36,-58,-73,-77,2,-3234.920191494669
-48,-53,-56,-37,-59,-75,-83,2,-3394.9579925005
-44,-52,-56,-47,-63,-71,-75,2,-3255.0259223481658
-38,-53,-54,-43,-70,-77,-75,2,-3274.8984161307485
-43,-54,-56,-40,-67,-70,-71,2,-3085.0949872914994
-40,-55,-53,-35,-64,-70,-82,2,-3239.796058890463
-40,-54,-52,-39,-65,-70,-74,2,-3119.9100771242884
-43,-52,-55,-35,-61,-75,-76,2,-3209.9669748500273
-42,-53,-53,-42,-63,-72,-72,2,-3149.9606483250036
-40,-56,-53,-44,-69,-77,-79,2,-3374.9576054275412
-39,-58,-54,-39,-62,-71,-77,2,-3190.1710992377566
-37,-54,-54,-41,-64,-72,-78,2,-3235.0619691300917
-39,-52,-50,-39,-61,-75,-71,2,-3129.9585204151967
-41,-56,-50,-43,-66,-77,-76,2,-3310.122540183406
-41,-54,-59,-41,-60,-76,-74,2,-3235.0275385135315
-42,-54,-54,-43,-59,-74,-72,2,-3189.9497590071273
-39,-57,-55,-42,-61,-74,-75,2,-3224.9706732243462
-42,-54,-56,-39,-63,-76,-78,2,-3300.129612774644
-38,-56,-48,-39,-63,-70,-73,2,-3090.031090539663
-39,-51,-50,-43,-63,-71,-66,2,-3010.185929090992
-40,-50,-50,-37,-64,-71,-78,2,-3194.9525971748085
-37,-55,-56,-37,-67,-70,-66,2,-2925.0348984026214
-38,-54,-55,-36,-60,-71,-75,2,-3114.9153066959543
-42,-53,-62,-27,-63,-72,-79,2,-3139.8680900875356
-36,-51,-52,-37,-70,-71,-64,2,-2895.036958598607
-36,-55,-54,-36,-67,-65,-73,2,-2974.8899600609757
-38,-60,-57,-39,-70,-70,-74,2,-3110.2318156522615
-36,-50,-58,-41,-74,-74,-69,2,-3079.851411043268
-37,-58,-53,-43,-76,-66,-69,2,-2985.1791915884987
-38,-56,-52,-41,-76,-71,-66,2,-2985.0258064126424
-36,-56,-56,-37,-59,-66,-75,2,-3039.9987493427047
-36,-55,-54,-40,-71,-71,-71,2,-3065.012290663627
-19,-53,-60,-37,-69,-72,-69,2,-2925.115048633948
-37,-53,-54,-37,-67,-79,-72,2,-3180.0817596814054
-36,-57,-58,-36,-62,-74,-73,2,-3109.883172106273
-36,-55,-53,-35,-64,-72,-66,2,-2929.959949997194
-37,-53,-56,-35,-74,-76,-79,2,-3254.893779806988
-37,-57,-55,-40,-75,-71,-64,2,-2930.118061844547
-35,-58,-54,-36,-69,-69,-73,2,-3030.009523786392
-36,-57,-56,-37,-69,-77,-72,2,-3145.054275522071
-36,-58,-56,-39,-62,-67,-73,2,-3035.046039297519
-19,-60,-54,-35,-69,-69,-78,2,-3040.0691050780315
-17,-62,-54,-22,-65,-70,-72,2,-2795.116320027154
-34,-53,-52,-19,-65,-75,-69,2,-2864.896870575049
-15,-55,-62,-25,-71,-67,-68,2,-2689.9230601395916
-14,-56,-57,-35,-68,-77,-72,2,-3015.029196729642
-11,-59,-60,-27,-70,-74,-71,2,-2855.1076144088142
-34,-53,-56,-18,-70,-76,-75,2,-2990.0070721416805
-36,-54,-56,-35,-61,-70,-79,2,-3160.0430268006508
-36,-52,-59,-38,-64,-72,-74,2,-3120.16692604798
-38,-55,-56,-42,-66,-72,-75,2,-3189.911666374472
-38,-54,-53,-36,-66,-73,-75,2,-3144.9733748148965
-36,-53,-50,-37,-70,-72,-72,2,-3070.042817133771
-38,-50,-49,-42,-69,-73,-77,2,-3245.25713693717
-38,-53,-52,-40,-63,-73,-77,2,-3224.830671904127
-41,-54,-52,-37,-68,-73,-77,2,-3209.954699196366
-46,-51,-51,-36,-67,-73,-76,2,-3205.047059597372
-40,-53,-51,-37,-78,-73,-77,2,-3204.907486243376
-45,-53,-51,-36,-78,-72,-76,2,-3184.9589965419063
-44,-52,-51,-36,-78,-72,-77,2,-3199.821600009118
-44,-53,-52,-36,-70,-72,-76,2,-3180.015845142662
-40,-54,-52,-35,-68,-71,-76,2,-3135.1445020174397
-39,-59,-49,-37,-68,-70,-72,2,-3055.0168866072545
-39,-52,-56,-36,-64,-68,-69,2,-2955.2328151698352
-38,-55,-56,-36,-64,-70,-66,2,-2919.9440386226142
-38,-56,-48,-39,-71,-72,-71,2,-3079.9578538260034
-37,-57,-51,-39,-71,-71,-72,2,-3080.1137082663354
-40,-58,-49,-41,-75,-71,-70,2,-3075.0723610840423
-40,-57,-47,-42,-64,-74,-71,2,-3149.9385045861745
-40,-58,-47,-41,-65,-73,-70,2,-3105.097230389792
-40,-70,-47,-43,-69,-73,-84,2,-3404.9543828770306
-40,-57,-47,-42,-69,-73,-70,2,-3114.882853071239
-38,-52,-50,-41,-69,-68,-72,2,-3059.863486784292
-37,-54,-53,-36,-65,-76,-72,2,-3124.9793686161865
-36,-54,-54,-37,-66,-75,-71,2,-3094.9980938936687
-36,-58,-54,-27,-67,-73,-78,2,-3104.870840878461
-36,-54,-52,-20,-66,-70,-74,2,-2909.952383369809
-37,-57,-51,-39,-70,-76,-72,2,-3155.1264282372576
-35,-51,-53,-37,-63,-72,-76,2,-3144.995089269004
-38,-51,-53,-38,-63,-72,-73,2,-3110.012121459833
-37,-54,-55,-37,-67,-71,-70,2,-3019.989068722072
-36,-52,-55,-36,-69,-64,-70,2,-2899.9430493571535
-37,-54,-47,-36,-63,-70,-70,2,-2995.178087557497
-46,-52,-46,-39,-74,-71,-78,2,-3245.093410142234
-44,-50,-57,-45,-61,-72,-67,2,-3089.9244754284196
-40,-52,-53,-39,-61,-75,-73,2,-3175.184865601041
-43,-55,-50,-39,-61,-69,-73,2,-3099.981939607674
-43,-55,-52,-42,-60,-74,-67,2,-3085.0139466406154
-43,-54,-55,-41,-68,-71,-74,2,-3169.9293821795945
-43,-47,-50,-45,-65,-66,-69,2,-3034.9733998165675
-37,-46,-51,-39,-63,-69,-69,2,-2989.8783389374566
-36,-55,-51,-37,-75,-71,-70,2,-3014.915839044912
-38,-59,-61,-36,-68,-69,-73,2,-3045.003758452021
-36,-55,-58,-37,-76,-72,-69,2,-3009.981271335602
-37,-53,-57,-38,-71,-68,-64,2,-2865.129988086993
-34,-60,-52,-37,-71,-66,-75,2,-3030.034568764641
-34,-54,-56,-42,-68,-76,-75,2,-3229.8286633954226
-39,-57,-50,-35,-63,-70,-79,2,-3174.802622568233
-39,-48,-51,-38,-63,-69,-89,2,-3389.925631397211
-38,-52,-62,-37,-69,-73,-71,2,-3074.9502901895517
-42,-52,-56,-43,-64,-76,-74,2,-3259.9581784723405
-39,-54,-55,-37,-64,-70,-70,2,-3015.0136693501413
-43,-57,-52,-40,-58,-72,-70,2,-3094.928896814112
-40,-54,-53,-36,-61,-77,-74,2,-3195.0962964113323
-37,-55,-55,-40,-73,-72,-74,2,-3145.123150536278
-38,-58,-62,-41,-64,-76,-73,2,-3200.1143510055235
-43,-54,-59,-40,-68,-76,-74,2,-3234.746644374067
-45,-52,-59,-43,-71,-74,-79,2,-3344.9987547071973
-45,-57,-59,-43,-71,-74,-79,2,-3344.916973330794
-47,-60,-56,-48,-85,-85,-81,2,-3610.060616282493
-50,-56,-55,-47,-63,-86,-77,2,-3549.880877217154
-48,-57,-56,-49,-64,-87,-76,2,-3554.855504173419
-46,-57,-55,-44,-65,-86,-77,2,-3500.0276785074843
-45,-58,-54,-46,-69,-87,-77,2,-3530.215474118542
-48,-54,-50,-49,-61,-81,-84,3,-3624.981809134549
-54,-53,-54,-50,-63,-79,-77,3,-3495.0733211302077
-50,-56,-54,-50,-71,-79,-77,3,-3475.094664642361
-49,-57,-52,-51,-60,-89,-83,3,-3749.9491012854514
-48,-52,-54,-47,-61,-80,-86,3,-3630.0572621310416
-46,-56,-53,-53,-61,-87,-77,3,-3604.7243213308416
-52,-56,-58,-48,-59,-87,-92,3,-3884.9045751256017
-45,-51,-59,-53,-62,-82,-85,3,-3684.985848438276
-46,-56,-57,-55,-66,-82,-85,3,-3709.931977725186
-49,-53,-55,-46,-59,-81,-93,3,-3779.983164741826
-49,-52,-58,-46,-57,-77,-77,3,-3400.0283827289545
-49,-49,-53,-47,-57,-80,-77,3,-3455.1554587836686
-50,-49,-54,-48,-62,-79,-75,3,-3415.04387060886
-56,-51,-47,-51,-71,-79,-75,3,-3475.001109981838
-60,-50,-49,-54,-71,-83,-82,3,-3725.1439681981415
-60,-54,-50,-50,-60,-84,-85,3,-3760.0057815060068
-48,-56,-50,-45,-61,-80,-80,3,-3489.8980425875266
-49,-49,-53,-48,-63,-84,-88,3,-3745.091633429733
-48,-50,-55,-50,-66,-78,-75,3,-3410.1635795987413
-53,-55,-55,-53,-66,-79,-86,3,-3699.9524260340436
-46,-58,-54,-49,-62,-81,-88,3,-3695.0243673549153
-46,-56,-54,-49,-63,-81,-82,3,-3574.873562022948
-47,-54,-55,-47,-66,-78,-86,3,-3595.097696562611
-47,-53,-49,-49,-66,-76,-80,3,-3464.975269614304
-45,-54,-48,-49,-65,-78,-81,3,-3505.0823241502253
-45,-53,-55,-49,-63,-78,-81,3,-3504.8486134089308
-46,-54,-53,-48,-64,-78,-79,3,-3459.9063622090084
-45,-54,-54,-48,-63,-78,-82,3,-3515.002151152101
-45,-53,-55,-50,-63,-83,-82,3,-3610.046517779926
-45,-55,-54,-47,-63,-78,-80,3,-3464.979507857439
-46,-53,-54,-46,-63,-79,-82,3,-3514.8753605254115
-46,-52,-54,-47,-64,-79,-81,3,-3504.9768066874703
-46,-60,-54,-48,-63,-80,-83,3,-3570.0246150122307
-46,-54,-53,-47,-63,-85,-80,3,-3575.043934763397
-47,-55,-55,-49,-67,-85,-80,3,-3600.0451476215812
-46,-58,-55,-49,-64,-78,-84,3,-3570.0417896380786
-46,-60,-56,-47,-66,-83,-85,3,-3645.014864480372
-49,-52,-61,-52,-61,-82,-88,3,-3754.964423959908
-48,-55,-58,-49,-67,-83,-88,3,-3734.8922369388615
-48,-52,-52,-56,-68,-81,-84,3,-3694.9447503792007
-49,-51,-58,-45,-65,-83,-84,3,-3619.7999817687005
-52,-60,-59,-40,-60,-81,-81,3,-3494.8529394236643
-52,-56,-56,-41,-63,-77,-80,3,-3425.075130885288
-48,-57,-54,-50,-66,-83,-78,3,-3545.0444687704835
-49,-53,-51,-53,-67,-81,-83,3,-3650.039464094596
-48,-53,-51,-50,-66,-79,-86,3,-3644.9959416078955
-47,-55,-54,-50,-72,-80,-88,3,-3695.0860603424776
-49,-52,-56,-48,-55,-81,-82,3,-3580.0260195632777
-53,-54,-59,-54,-62,-81,-82,3,-3659.9394283890847
-55,-51,-52,-48,-60,-78,-86,3,-3645.122745729985
-49,-52,-57,-54,-59,-85,-88,3,-3819.9658550023646
-54,-55,-52,-50,-58,-78,-86,3,-3659.9303892668368
-51,-56,-51,-58,-58,-80,-86,3,-3754.9506198332697
-51,-51,-52,-57,-56,-81,-77,3,-3579.9547721982185
-46,-54,-50,-54,-59,-81,-77,3,-3525.010059375385
-49,-53,-50,-55,-59,-80,-87,3,-3735.100273073512
-48,-50,-54,-51,-59,-77,-75,3,-3405.0652367256316
-49,-53,-53,-51,-64,-79,-80,3,-3539.89498166903
-48,-53,-50,-55,-66,-83,-82,3,-3675.0106199754755
-50,-57,-53,-49,-67,-83,-82,3,-3624.845457017378
-45,-59,-56,-54,-64,-84,-78,3,-3584.950177811733
-50,-57,-60,-43,-66,-77,-82,3,-3475.0659540703086
-46,-53,-52,-45,-62,-79,-78,3,-3424.9483494466435
-47,-53,-55,-57,-62,-80,-78,3,-3565.1482270864517
-48,-55,-54,-48,-67,-85,-81,3,-3614.983129395242
-44,-53,-55,-48,-66,-79,-86,3,-3605.0630952838023
-43,-55,-53,-52,-60,-78,-86,3,-3624.8832798225017
-50,-56,-56,-60,-60,-78,-86,3,-3739.9295247069012
-50,-58,-54,-51,-60,-80,-82,3,-3600.1216484525544
-51,-56,-51,-55,-62,-85,-83,3,-3740.13557238155
-47,-54,-49,-52,-58,-79,-86,3,-3660.122367440002
-54,-59,-52,-63,-62,-76,-81,3,-3660.1424526329797
-52,-57,-51,-55,-65,-85,-85,3,-3784.8930533920766
-52,-57,-61,-59,-59,-85,-85,3,-3824.9894180828724
-52,-48,-56,-53,-62,-78,-81,3,-3579.8842014278753
-49,-55,-51,-49,-63,-81,-73,3,-3410.1019430750557
-46,-48,-52,-52,-62,-77,-80,3,-3504.864655194232
-45,-56,-57,-47,-61,-76,-78,3,-3394.977888495297
-48,-55,-58,-52,-64,-92,-79,3,-3720.171697425813
-49,-52,-48,-52,-62,-78,-75,3,-3434.9632110160446
-49,-50,-51,-50,-62,-75,-75,3,-3370.104783707314
-49,-55,-48,-49,-62,-79,-84,3,-3599.983467437354
-50,-56,-48,-48,-63,-80,-91,3,-3749.9386554919265
-50,-58,-51,-52,-60,-81,-79,3,-3565.1451665249406
-49,-52,-46,-48,-60,-79,-80,3,-3510.090604737255
-52,-52,-49,-49,-58,-77,-84,3,-3585.058392444247
-45,-50,-52,-53,-61,-75,-79,3,-3459.9967891390565
-49,-52,-48,-44,-59,-80,-78,3,-3444.9483059274608
-47,-58,-49,-45,-66,-85,-79,3,-3539.95773313721
-51,-52,-49,-50,-63,-79,-79,3,-3519.9060830317594
-49,-51,-53,-41,-64,-77,-79,3,-3390.1370290576815
-49,-52,-54,-52,-60,-83,-79,3,-3590.0349453736644
-50,-56,-53,-40,-65,-86,-80,3,-3539.9568846185234
-47,-58,-56,-44,-64,-80,-85,3,-3575.1122307814035
-47,-53,-54,-49,-63,-88,-85,3,-3745.0048929569825
-50,-57,-54,-44,-67,-85,-85,3,-3664.8717261561796
-46,-57,-52,-43,-69,-86,-85,3,-3649.985056378901
-45,-50,-57,-49,-63,-81,-82,3,-3569.962598916251
-48,-59,-53,-45,-74,-81,-81,3,-3524.934618223366
-46,-55,-58,-47,-64,-78,-78,3,-3430.059084038425
-51,-55,-54,-49,-60,-79,-84,3,-3610.025502286994
-51,-58,-51,-51,-62,-79,-86,3,-3669.9223392821777
-53,-59,-51,-41,-59,-78,-77,3,-3384.9347510933358
-49,-54,-55,-49,-63,-81,-87,3,-3690.1000425162924
-52,-52,-57,-45,-67,-81,-86,3,-3644.9989958894394
-50,-55,-51,-57,-58,-86,-86,3,-3830.158106058777
-45,-53,-50,-49,-67,-75,-77,3,-3379.948537675404
-49,-55,-49,-49,-60,-80,-79,3,-3515.201729149606
-46,-53,-54,-52,-64,-79,-84,3,-3615.07683117322
-46,-49,-51,-45,-62,-79,-79,3,-3445.0723957195505
-54,-52,-53,-43,-68,-79,-79,3,-3465.1384508302763
-51,-55,-50,-50,-59,-79,-85,3,-3639.855187692778
-48,-60,-57,-52,-61,-85,-84,3,-3715.0684205632606
-51,-63,-55,-54,-69,-84,-79,3,-3635.022673391823
-52,-64,-54,-56,-70,-84,-78,3,-3640.0850137713956
-52,-64,-54,-54,-68,-85,-79,3,-3655.2789992411617
-52,-62,-55,-52,-67,-83,-75,3,-3525.276429897435
-52,-60,-52,-54,-66,-85,-79,3,-3654.861699299103
-51,-60,-55,-53,-72,-85,-78,3,-3620.0797465273317
-50,-59,-55,-47,-72,-79,-80,3,-3504.739170832888
-51,-52,-56,-56,-63,-79,-80,3,-3600.0495573969756
-51,-55,-51,-49,-61,-82,-81,3,-3594.943103423537
-53,-52,-51,-53,-64,-80,-81,3,-3614.8221872020213
-51,-51,-52,-52,-63,-84,-78,3,-3594.905281188884
-52,-52,-52,-49,-62,-80,-80,3,-3550.0868139327995
-51,-52,-51,-54,-61,-79,-76,3,-3500.1362560564626
-51,-54,-52,-57,-62,-79,-79,3,-3589.964804039166
-50,-59,-53,-54,-65,-77,-78,3,-3505.084518659989
-53,-59,-48,-57,-66,-80,-77,3,-3574.814610165561
-52,-57,-50,-52,-65,-79,-77,3,-3505.0138081973046
-51,-57,-51,-51,-65,-80,-80,3,-3565.2155725204566
-52,-57,-50,-51,-65,-79,-79,3,-3534.7486080381154
-52,-57,-49,-50,-66,-80,-80,3,-3559.8506029194973
-52,-56,-50,-56,-66,-81,-80,3,-3634.872805493456
-52,-56,-50,-56,-69,-79,-78,3,-3565.0815600310516
-53,-58,-50,-52,-66,-78,-79,3,-3534.906437386257
-53,-56,-50,-50,-67,-80,-81,3,-3585.022418025139
-49,-56,-49,-52,-64,-83,-80,3,-3609.869867126036
-52,-56,-47,-53,-61,-78,-79,3,-3539.974881023703
-52,-57,-50,-52,-60,-78,-79,3,-3529.8277756018592
-53,-56,-46,-51,-62,-80,-80,3,-3574.9567302607634
-53,-57,-50,-54,-60,-80,-81,3,-3624.854645133172
-52,-56,-50,-52,-60,-80,-80,3,-3580.0442143289133
-52,-56,-50,-54,-59,-79,-80,3,-3584.9843911429707
-52,-58,-51,-53,-60,-80,-80,3,-3589.9579397809357
-52,-55,-56,-51,-69,-85,-85,3,-3744.8580144892708
-50,-55,-54,-50,-69,-79,-82,3,-3574.835423213353
-53,-55,-54,-51,-69,-79,-81,3,-3580.1708182955376
-52,-56,-53,-53,-70,-80,-78,3,-3549.9806442418044
-50,-52,-53,-53,-67,-86,-85,3,-3770.1565544342307
-49,-58,-55,-52,-60,-83,-84,3,-3690.149825179049
-50,-49,-52,-56,-69,-80,-81,3,-3630.1431153980793
-46,-56,-52,-51,-62,-85,-81,3,-3635.0947304357087
-48,-53,-54,-45,-61,-86,-83,3,-3639.827898872333
-50,-56,-53,-52,-68,-84,-77,3,-3570.151364912006
-50,-52,-52,-56,-67,-80,-89,3,-3789.945653623655
-51,-53,-52,-55,-68,-78,-91,3,-3794.9598571584056
-51,-60,-52,-52,-67,-79,-91,3,-3780.01091827236
-51,-52,-51,-51,-64,-79,-89,3,-3729.893609980536
-52,-52,-50,-49,-66,-77,-88,3,-3665.070880907471
-50,-52,-52,-47,-65,-77,-89,3,-3655.01458248148
-51,-52,-51,-51,-65,-77,-89,3,-3699.944249892523
-51,-52,-51,-47,-65,-76,-87,3,-3604.9679006529936
-51,-53,-49,-51,-65,-77,-89,3,-3700.0490578487374
-51,-51,-51,-51,-65,-78,-88,3,-3695.058367334556
-51,-52,-51,-50,-69,-77,-88,3,-3669.943447026856
-52,-53,-49,-50,-69,-79,-87,3,-3684.830773224328
-51,-53,-50,-51,-66,-77,-88,3,-3680.002878490669
-51,-52,-52,-50,-69,-78,-86,3,-3645.1384043616945
-51,-53,-52,-54,-65,-77,-87,3,-3690.08750217951
-52,-53,-53,-56,-64,-78,-88,3,-3750.0402746496584
-50,-53,-52,-50,-64,-78,-88,3,-3679.942300471529
-51,-52,-51,-55,-66,-78,-89,3,-3755.079755303166
-52,-53,-51,-55,-65,-78,-88,3,-3740.078656162288
-51,-52,-52,-56,-68,-79,-87,3,-3739.9652521837593
-51,-53,-52,-55,-67,-78,-88,3,-3735.0413947548923
-51,-53,-56,-56,-64,-77,-88,3,-3729.732042707331
-51,-52,-53,-55,-64,-78,-91,3,-3795.0499864098956
-50,-54,-54,-54,-66,-77,-86,3,-3664.915587476856
-49,-53,-50,-55,-64,-79,-86,3,-3699.9403050111096
-51,-52,-50,-56,-67,-79,-91,3,-3820.055782485844
-50,-53,-50,-55,-68,-78,-87,3,-3709.995779846611
-50,-53,-53,-55,-67,-78,-89,3,-3750.0439681469757
-50,-52,-52,-55,-67,-79,-91,3,-3804.919988971513
-51,-53,-55,-50,-67,-76,-88,3,-3654.85761928151
-50,-52,-52,-50,-67,-78,-89,3,-3700.0405297399
-48,-54,-54,-49,-67,-77,-89,3,-3664.992793606821
-49,-54,-53,-50,-70,-78,-86,3,-3635.1114163869997
-50,-54,-53,-46,-66,-78,-87,3,-3619.848617171336
-50,-54,-52,-49,-67,-79,-86,3,-3645.0264192613718
-49,-53,-50,-48,-67,-78,-88,3,-3655.020334526493
-52,-54,-53,-50,-68,-78,-85,3,-3629.978741336543
-50,-53,-52,-55,-67,-77,-88,3,-3715.162962003453
-49,-54,-53,-55,-67,-77,-86,3,-3669.9785210342275
-50,-53,-52,-55,-68,-78,-86,3,-3689.941429109025
-49,-52,-53,-54,-65,-77,-88,3,-3700.010334200623
-50,-52,-51,-54,-67,-77,-88,3,-3705.054994636398
-50,-53,-53,-54,-67,-78,-86,3,-3680.0736550073098
-49,-52,-52,-53,-65,-77,-85,3,-3630.093156508196
-52,-50,-53,-54,-68,-76,-85,3,-3640.084140338817
-51,-54,-53,-55,-66,-77,-85,3,-3659.707705115104
-51,-52,-56,-52,-66,-80,-89,3,-3755.109825620359
-48,-57,-49,-53,-62,-79,-87,3,-3694.9160997686854
-47,-60,-59,-55,-70,-79,-85,3,-3670.0085799962335
-57,-58,-56,-55,-71,-84,-87,3,-3834.8184303909784
-55,-58,-55,-54,-70,-81,-87,3,-3769.963002502653
-55,-56,-58,-53,-70,-81,-88,3,-3780.098671176518
-55,-66,-57,-52,-70,-84,-84,3,-3735.0330412607273
-52,-57,-58,-57,-68,-86,-83,3,-3780.026194508286
-50,-60,-73,-58,-68,-88,-92,3,-3990.0515308847553
-49,-59,-57,-50,-72,-80,-91,3,-3764.996833421161
-49,-59,-56,-50,-63,-80,-91,3,-3764.910699473985
-49,-62,-56,-50,-63,-83,-89,3,-3770.045937335059
-49,-61,-56,-49,-64,-84,-89,3,-3774.860597332077
-49,-60,-55,-49,-63,-85,-89,3,-3790.116593840657
-49,-60,-56,-50,-63,-84,-87,3,-3745.0476174061278
-49,-61,-55,-49,-62,-84,-89,3,-3775.033646794699
-49,-61,-55,-53,-72,-85,-92,3,-3889.999632424086
-53,-57,-62,-55,-60,-86,-83,3,-3764.8473092392096
-51,-56,-60,-48,-60,-86,-83,3,-3685.0974110268303
-45,-59,-57,-51,-62,-77,-85,3,-3589.966707317374
-48,-58,-55,-49,-60,-80,-83,3,-3589.9497679661545
-49,-64,-53,-52,-63,-73,-78,3,-3420.097937707007
-48,-66,-57,-51,-70,-81,-80,3,-3565.1506360961844
-49,-64,-58,-53,-70,-84,-80,3,-3634.917396867537
-48,-61,-57,-51,-67,-83,-76,3,-3514.960732805842
-49,-64,-58,-51,-70,-86,-78,3,-3605.110500749475
-51,-64,-59,-49,-71,-87,-77,3,-3589.8539125666057
-51,-62,-59,-50,-66,-85,-77,3,-3570.0028785696595
-51,-62,-59,-52,-68,-85,-78,3,-3609.977337433254
-47,-64,-57,-51,-64,-85,-78,3,-3580.0802181240583
-45,-63,-60,-53,-67,-83,-85,3,-3700.2109940750656
-51,-60,-57,-54,-64,-84,-83,3,-3715.194963462717
-51,-58,-55,-54,-67,-86,-83,3,-3744.894136208691
-49,-52,-52,-51,-63,-78,-74,3,-3405.120523772728
-51,-53,-54,-53,-62,-83,-82,3,-3669.9108039287926
-46,-46,-52,-52,-57,-77,-82,3,-3545.0402956677453
-48,-46,-50,-54,-63,-87,-77,3,-3624.810806788167
-54,-54,-50,-54,-60,-81,-79,3,-3605.1149827427253
-49,-56,-53,-52,-58,-89,-86,3,-3820.031456598874
-52,-52,-53,-53,-56,-78,-79,3,-3539.9524276683633
-52,-55,-55,-54,-65,-85,-78,3,-3634.9044253246343
-55,-51,-51,-55,-59,-89,-78,3,-3719.963659887606
-63,-52,-51,-56,-59,-89,-84,3,-3890.0988740738317
-55,-53,-52,-56,-58,-85,-88,3,-3869.889057343915
-56,-52,-51,-57,-64,-86,-91,3,-3960.0705900299104
-56,-52,-50,-58,-57,-85,-88,3,-3894.8276384720803
-54,-53,-50,-58,-58,-84,-87,3,-3849.9084685642565
-53,-54,-53,-60,-60,-86,-91,3,-3974.9512475785564
-49,-54,-50,-55,-63,-85,-81,3,-3689.973813012928
-50,-52,-54,-55,-64,-83,-74,3,-3524.9523661218605
-45,-52,-54,-53,-56,-83,-79,3,-3579.8507035568455
-45,-50,-50,-55,-57,-76,-75,3,-3415.061426495647
-49,-55,-50,-53,-62,-76,-75,3,-3414.9066094320847
-48,-57,-51,-51,-60,-79,-80,3,-3535.0630339443937
-47,-50,-53,-47,-63,-76,-79,3,-3425.136041746054
-50,-51,-49,-48,-54,-77,-77,3,-3425.0348173795937
-51,-47,-50,-49,-59,-80,-85,3,-3644.9557326528497
-46,-55,-48,-52,-62,-80,-79,3,-3530.11037542175
-51,-52,-50,-49,-60,-77,-76,3,-3420.0081606873255
-49,-59,-57,-49,-67,-85,-83,3,-3670.1054867971975
-50,-56,-51,-49,-67,-84,-81,3,-3619.871022020076
-51,-60,-59,-46,-68,-78,-83,3,-3545.0617454601884
-52,-54,-53,-51,-61,-83,-81,3,-3635.1399338677425
-46,-51,-50,-48,-64,-82,-78,3,-3500.14908864725
-44,-56,-54,-52,-63,-80,-79,3,-3519.896164483022
-49,-56,-54,-55,-62,-78,-81,3,-3585.007521869348
-47,-52,-56,-56,-62,-83,-83,3,-3699.919634221695
-51,-54,-53,-52,-63,-81,-76,3,-3510.121499765536
-51,-54,-51,-53,-60,-86,-79,3,-3655.134546207355
-45,-52,-52,-51,-64,-84,-84,3,-3675.0703680781176
-45,-46,-58,-53,-59,-77,-82,3,-3550.202087434182
-47,-57,-57,-52,-69,-79,-77,3,-3480.001332520064
-54,-61,-51,-44,-63,-79,-76,3,-3415.0456675130627
-44,-53,-51,-49,-60,-84,-76,3,-3490.0056256670896
-43,-57,-51,-52,-62,-79,-77,3,-3459.8859648110342
-50,-54,-49,-46,-64,-85,-77,3,-3525.0102504907936
-46,-60,-54,-50,-62,-79,-74,3,-3395.0749479993624
-46,-53,-47,-52,-57,-79,-85,3,-3634.8549205070717
-51,-48,-56,-53,-61,-80,-79,3,-3564.9688459001845
-52,-51,-49,-56,-65,-81,-83,3,-3695.0176128422936
-50,-57,-50,-59,-62,-91,-93,3,-4065.1558906521777
-53,-53,-50,-55,-59,-86,-81,3,-3725.06000195145
-49,-55,-49,-49,-60,-81,-81,3,-3569.878718707087
-47,-57,-49,-46,-63,-84,-86,3,-3674.9221611201915
-51,-52,-48,-48,-62,-85,-78,3,-3570.0105693436517
-51,-51,-45,-53,-59,-84,-76,3,-3565.163044203
-48,-54,-52,-54,-58,-87,-89,3,-3865.1036734678055
-50,-54,-51,-50,-66,-87,-85,3,-3755.000617889102
-47,-55,-57,-50,-64,-80,-85,3,-3634.946998818313
-50,-56,-57,-49,-68,-92,-80,3,-3720.078247439295
-48,-57,-54,-47,-66,-79,-79,3,-3475.038309066799
-42,-54,-48,-51,-64,-78,-87,3,-3629.9444257985406
-49,-56,-51,-54,-65,-79,-78,3,-3530.021498765466
-51,-59,-51,-48,-67,-79,-79,3,-3500.035785794682
-52,-60,-52,-48,-70,-79,-79,3,-3504.972005497833
-53,-58,-50,-48,-64,-88,-80,3,-3664.957689666898
-47,-54,-51,-47,-66,-88,-80,3,-3625.0961776806794
-48,-55,-51,-55,-69,-88,-80,3,-3710.176231732589
-46,-53,-50,-53,-64,-81,-86,3,-3694.98172913775
-52,-60,-51,-46,-63,-84,-77,3,-3519.8203443232924
-53,-57,-50,-47,-62,-86,-81,3,-3644.9878682728904
-53,-58,-51,-48,-63,-85,-78,3,-3579.8067579317135
-53,-58,-51,-48,-63,-88,-80,3,-3665.0941500217978
-52,-58,-50,-53,-64,-87,-81,3,-3715.0597611505277
-54,-56,-50,-50,-64,-87,-80,3,-3674.858667618168
-52,-52,-51,-51,-74,-86,-80,3,-3660.116329278518
-51,-62,-53,-51,-67,-79,-89,3,-3729.917314689657
-51,-63,-51,-52,-66,-79,-89,3,-3739.8604100014804
-52,-61,-51,-52,-66,-80,-89,3,-3760.176758126277
-53,-62,-51,-52,-67,-79,-89,3,-3749.8728882127775
-53,-62,-52,-53,-65,-79,-91,3,-3799.905715027768
-46,-60,-52,-55,-61,-85,-85,3,-3755.0810068415926
-43,-59,-51,-53,-61,-83,-85,3,-3689.948057313445
-44,-60,-52,-49,-63,-84,-84,3,-3649.8842152234674
-47,-57,-57,-52,-62,-86,-84,3,-3724.9434249122137
-47,-57,-56,-51,-64,-80,-86,3,-3665.0337275132642
-47,-56,-58,-56,-62,-81,-83,3,-3670.207515460647
-48,-55,-58,-50,-63,-81,-86,3,-3674.912506697643
-47,-55,-58,-50,-60,-81,-84,3,-3630.059507987282
-47,-64,-53,-54,-60,-83,-84,3,-3700.1045055232285
-45,-63,-57,-55,-58,-79,-85,3,-3659.8136330325615
-45,-63,-57,-53,-57,-81,-84,3,-3649.9956850231333
-45,-60,-59,-52,-57,-83,-85,3,-3689.918445568651
-45,-60,-56,-54,-59,-84,-85,3,-3725.1891361503835
-47,-56,-53,-53,-66,-85,-85,3,-3739.9406973430214
-48,-58,-52,-53,-61,-88,-83,3,-3750.1111186851795
-46,-55,-53,-52,-57,-81,-86,3,-3684.9919879985637
-46,-57,-53,-48,-58,-80,-86,3,-3630.0232700114434
-48,-55,-55,-52,-65,-80,-82,3,-3600.167513043973
-53,-56,-51,-50,-61,-83,-81,3,-3630.106919443202
-54,-55,-50,-49,-60,-84,-81,3,-3639.9659510231213
-53,-58,-51,-50,-62,-84,-81,3,-3645.0933807503297
-53,-54,-54,-50,-61,-82,-84,3,-3675.0070302643585
-52,-55,-52,-52,-62,-82,-84,3,-3689.71600202065
-52,-56,-53,-50,-62,-84,-81,3,-3639.9646972878354
-52,-55,-51,-49,-62,-86,-84,3,-3720.0491158616255
-53,-55,-52,-46,-63,-86,-85,3,-3715.0806439857715
-53,-55,-51,-49,-65,-86,-84,3,-3725.156147731011
-52,-54,-51,-49,-63,-87,-84,3,-3734.8579857565687
-52,-56,-51,-48,-64,-87,-84,3,-3725.137113747939
-51,-55,-51,-48,-63,-88,-84,3,-3735.044189365655
-52,-56,-51,-46,-63,-86,-82,3,-3650.0336751836294
-52,-55,-51,-49,-64,-87,-84,3,-3735.0031659989395
-51,-55,-52,-49,-64,-86,-83,3,-3694.8621813195614
-52,-54,-52,-49,-63,-86,-81,3,-3659.9161923973074
-52,-55,-52,-49,-63,-88,-85,3,-3770.0922897076043
-51,-55,-52,-48,-63,-87,-85,3,-3740.0108835341052
-52,-57,-53,-49,-61,-88,-85,3,-3770.002341523627
-52,-56,-52,-49,-63,-87,-85,3,-3754.9091575534535
-52,-56,-52,-50,-65,-86,-84,3,-3729.9477326590263
-52,-56,-51,-50,-65,-87,-82,3,-3705.085729709973
-51,-58,-52,-48,-68,-86,-84,3,-3705.1475703773444
-52,-56,-52,-49,-61,-86,-81,3,-3659.92488819286
-52,-55,-52,-50,-61,-86,-84,3,-3730.0509656965755
-52,-56,-52,-44,-63,-87,-84,3,-3684.9542346195203
-52,-55,-52,-43,-61,-86,-83,3,-3639.9225282395983
-51,-57,-52,-49,-60,-84,-83,3,-3665.0707708342393
-46,-53,-51,-49,-68,-79,-85,3,-3604.925389207667
-48,-51,-53,-48,-64,-81,-79,3,-3515.062964314618
-49,-58,-49,-51,-59,-89,-79,3,-3670.1050797974967
-51,-55,-56,-49,-58,-84,-84,3,-3684.8050419376364
-50,-51,-51,-49,-63,-79,-80,3,-3524.8372821627195
-52,-57,-53,-47,-57,-80,-83,3,-3590.297860348782
-50,-52,-55,-49,-64,-80,-86,3,-3659.70943865859
-46,-52,-53,-44,-60,-79,-86,3,-3575.1508183466008
-45,-54,-53,-45,-68,-75,-84,3,-3480.0325454409763
-46,-53,-53,-43,-59,-83,-78,3,-3465.190394104152
-49,-62,-52,-49,-63,-82,-83,3,-3625.097883177132
-48,-57,-53,-43,-64,-81,-85,3,-3584.7985344183417
-49,-53,-50,-45,-64,-74,-85,3,-3505.0785410634444
-48,-54,-56,-49,-66,-81,-80,3,-3545.0556330903214
-49,-53,-55,-52,-57,-86,-86,3,-3774.8654282380376
-51,-52,-53,-51,-59,-86,-78,3,-3614.879908087794
-48,-52,-49,-52,-63,-79,-77,3,-3485.0127300892855
-46,-52,-51,-55,-60,-80,-76,3,-3499.9249135251557
-50,-52,-49,-45,-64,-76,-78,3,-3400.0925490916998
-52,-51,-47,-49,-64,-80,-78,3,-3510.147569029782
-47,-53,-50,-52,-65,-80,-78,3,-3514.905524398317
-49,-54,-50,-52,-60,-85,-88,3,-3799.8074005072804
-53,-53,-52,-55,-60,-82,-84,3,-3725.0677030956813
-53,-56,-55,-51,-62,-78,-82,3,-3584.9302805023012
-52,-54,-49,-52,-58,-81,-82,3,-3635.137635813763
-48,-58,-54,-46,-66,-85,-88,3,-3734.9073539595215
-51,-55,-59,-51,-58,-87,-81,3,-3690.011854175551
-49,-56,-57,-51,-65,-87,-81,3,-3680.1347499883163
-53,-54,-54,-51,-61,-84,-77,3,-3574.9862504561556
-50,-49,-57,-49,-61,-82,-86,3,-3690.034726389468
-49,-47,-51,-52,-62,-89,-80,3,-3699.9858800362977
-52,-53,-57,-52,-57,-83,-83,3,-3684.7851728397327
-53,-48,-52,-52,-59,-81,-82,3,-3640.0112216501752
-49,-56,-45,-42,-66,-83,-80,3,-3509.9088462597624
-49,-50,-55,-60,-61,-78,-81,3,-3634.8761886576
-49,-50,-55,-49,-54,-85,-76,3,-3530.0433360919606
-47,-57,-50,-45,-60,-82,-84,3,-3595.0080232531127
-50,-54,-51,-46,-63,-79,-84,3,-3574.94595124322
-47,-52,-49,-43,-57,-80,-79,3,-3444.9943470605904
-51,-53,-57,-51,-60,-76,-79,3,-3484.8710560359286
-50,-49,-51,-50,-61,-83,-85,3,-3695.1259250037324
-49,-54,-52,-52,-63,-83,-85,3,-3709.996193682387
-51,-55,-46,-54,-63,-84,-79,3,-3635.0031377892924
-52,-54,-53,-49,-63,-86,-81,3,-3660.155055115355
-48,-57,-52,-51,-62,-86,-81,3,-3660.135057602025
-49,-49,-53,-45,-58,-87,-89,3,-3780.05335376991
-50,-51,-54,-43,-66,-78,-78,3,-3410.226986667917
-49,-53,-51,-42,-63,-79,-88,3,-3610.1318227581814
-49,-57,-51,-44,-57,-85,-79,3,-3539.8279175379243
-51,-52,-58,-49,-60,-84,-74,3,-3484.9392216530923
-50,-56,-47,-52,-58,-88,-76,3,-3609.871305906197
-52,-48,-52,-54,-63,-78,-80,3,-3569.995755816575
-53,-50,-50,-49,-61,-83,-84,3,-3679.96721346609
-53,-47,-54,-53,-59,-83,-84,3,-3719.983454960067
-51,-58,-56,-48,-61,-79,-82,3,-3559.8815906312766
-45,-55,-57,-47,-61,-78,-80,3,-3464.9401652412116
-49,-50,-51,-44,-60,-83,-79,3,-3510.1059839112427
-45,-51,-50,-51,-57,-80,-79,3,-3515.1211322251347
-49,-56,-47,-50,-58,-77,-84,3,-3580.069654714206
-47,-58,-51,-43,-65,-80,-80,3,-3465.16623752923
-47,-54,-56,-47,-62,-78,-83,3,-3534.9285693884694
-49,-55,-53,-48,-61,-79,-78,3,-3470.104591051078
-47,-57,-52,-44,-67,-78,-75,3,-3345.08252374419
-50,-62,-57,-45,-62,-81,-78,3,-3474.995210523375
-46,-56,-60,-46,-65,-84,-85,3,-3650.0478980361195
-51,-55,-53,-50,-63,-79,-86,3,-3659.8945548022853
-46,-48,-53,-49,-59,-80,-78,3,-3479.913898079611
-46,-58,-53,-48,-60,-79,-79,3,-3474.941191618479
-49,-45,-50,-48,-61,-79,-84,3,-3589.9663123632904
-49,-49,-47,-50,-59,-79,-88,3,-3689.920914210691
-49,-53,-50,-54,-62,-77,-82,3,-3579.9990006825233
-52,-54,-55,-55,-60,-74,-78,3,-3480.064412931501
-48,-56,-49,-52,-60,-82,-73,3,-3449.9373485556966
-54,-57,-53,-54,-62,-77,-75,3,-3464.9868511207223
-48,-54,-49,-59,-63,-78,-80,3,-3599.866393849365
-52,-53,-50,-52,-63,-84,-88,3,-3799.851836813478
-53,-52,-48,-50,-62,-81,-80,3,-3580.17463864253
-53,-53,-51,-50,-66,-82,-82,3,-3634.9820873481485
-46,-56,-54,-51,-62,-80,-79,3,-3519.9092958693
-47,-58,-50,-55,-64,-76,-74,3,-3404.8623831613168
-48,-47,-52,-56,-61,-77,-77,3,-3495.154829752897
-49,-50,-50,-45,-64,-79,-77,3,-3419.9422047893595
-47,-51,-56,-50,-60,-78,-80,3,-3505.030600854356
-52,-50,-52,-49,-63,-80,-85,3,-3649.9062607195665
-48,-47,-51,-52,-60,-74,-79,3,-3449.9839884528446
-47,-51,-54,-50,-64,-75,-82,3,-3499.9014689635337
-49,-52,-53,-49,-64,-77,-83,3,-3550.0011292428107
-45,-56,-55,-46,-68,-79,-78,3,-3430.027121229917
-46,-58,-54,-48,-63,-78,-75,3,-3379.886978425102
-51,-51,-59,-46,-60,-80,-82,3,-3554.9044953463417
-53,-56,-54,-53,-62,-88,-85,3,-3814.925538004279
-50,-58,-54,-50,-65,-79,-89,3,-3715.159646086705
-52,-51,-53,-54,-68,-88,-84,3,-3799.9418518472908
-51,-62,-53,-51,-64,-86,-79,3,-3635.0518407545383
-51,-51,-54,-53,-59,-86,-85,3,-3774.9452389677904
-50,-68,-48,-56,-63,-80,-77,3,-3550.0534421575503
-48,-52,-54,-52,-63,-80,-77,3,-3500.0589368259534
-52,-53,-54,-49,-63,-85,-79,3,-3604.9605662993445
-51,-54,-54,-54,-62,-85,-78,3,-3629.8314295053087
-54,-54,-55,-52,-61,-86,-78,3,-3640.022560524795
-52,-54,-54,-51,-63,-87,-78,3,-3635.010412027704
-52,-53,-56,-49,-62,-83,-80,3,-3594.898937590636
-47,-56,-54,-51,-63,-81,-86,3,-3679.9583519297216
-51,-57,-54,-55,-62,-87,-81,3,-3730.1902694012456
-49,-54,-52,-56,-60,-85,-73,3,-3540.119047297024
-49,-54,-50,-51,-66,-78,-82,3,-3564.8959943937493
-46,-47,-47,-50,-65,-79,-84,3,-3594.8874575392183
-51,-54,-44,-52,-56,-79,-79,3,-3540.091583698022
-48,-47,-50,-53,-61,-82,-79,3,-3580.112296166374
-47,-56,-57,-52,-62,-79,-87,3,-3680.0942740174255
-51,-55,-50,-53,-62,-78,-84,3,-3634.8794251441727
-51,-58,-59,-52,-64,-78,-84,3,-3624.941148607274
-53,-62,-57,-49,-61,-88,-87,3,-3815.1141944139695
-48,-59,-54,-55,-60,-84,-87,3,-3790.144658741085
-50,-59,-60,-51,-64,-86,-85,3,-3750.035158412371
-51,-54,-54,-55,-58,-88,-85,3,-3825.1166591275046
-49,-58,-50,-56,-64,-81,-81,3,-3639.8571561762815
-48,-58,-50,-53,-62,-81,-87,3,-3725.0398419741027
-48,-51,-54,-51,-58,-80,-77,3,-3490.1032870250515
-48,-54,-53,-51,-61,-77,-80,3,-3505.109122058992
-46,-51,-55,-42,-62,-79,-78,3,-3394.9844843978212
-49,-53,-52,-52,-64,-74,-84,3,-3554.789163095872
-50,-55,-52,-47,-65,-83,-91,3,-3784.988593946637
-47,-46,-53,-46,-59,-79,-79,3,-3459.8960879059396
-49,-51,-52,-44,-60,-77,-77,3,-3380.239089678598
-48,-53,-51,-43,-64,-74,-77,3,-3320.139146244177
-46,-54,-47,-51,-57,-80,-73,3,-3399.9028179701454
-49,-52,-48,-48,-59,-79,-78,3,-3470.0796819498264
-49,-51,-50,-53,-64,-79,-78,3,-3519.8727754912657
-53,-54,-56,-52,-63,-81,-85,3,-3700.0895534386364
-54,-55,-50,-48,-64,-80,-78,3,-3509.9736367320347
-51,-56,-51,-47,-62,-79,-85,3,-3610.0101554113744
-48,-55,-53,-51,-63,-82,-86,3,-3699.9558694684274
-50,-57,-59,-43,-62,-76,-78,3,-3380.0757367444503
-50,-53,-52,-50,-61,-79,-83,3,-3595.0625845045574
-47,-58,-56,-51,-70,-81,-86,3,-3680.031997269176
-52,-57,-52,-52,-70,-87,-77,3,-3624.993287813906
-52,-60,-51,-54,-61,-86,-87,3,-3830.0526226711877
-55,-60,-50,-55,-63,-88,-87,3,-3884.8996625477394
-55,-60,-51,-53,-63,-85,-87,3,-3820.07934705338
-53,-58,-51,-51,-62,-84,-85,3,-3734.9873040544694
-53,-68,-50,-51,-77,-85,-87,3,-3789.9812638462868
-58,-56,-47,-62,-36,-85,-84,4,-3864.9421376240616
-61,-52,-49,-56,-46,-84,-83,4,-3784.995996201694
-55,-50,-51,-61,-48,-82,-79,4,-3695.0223083846986
-61,-52,-43,-60,-47,-89,-85,4,-3940.0591763829134
-58,-59,-44,-57,-54,-82,-89,4,-3870.1148351665042
-59,-52,-59,-61,-54,-87,-89,4,-3990.0903586400623
-59,-51,-56,-59,-51,-87,-86,4,-3910.0989901120543
-59,-52,-56,-59,-51,-89,-84,4,-3899.957663243492
-59,-52,-56,-59,-51,-89,-87,4,-3959.9801569065626
-59,-52,-57,-59,-50,-88,-88,4,-3965.202948777111
-59,-53,-57,-60,-51,-89,-95,4,-4129.810769502849
-59,-54,-59,-60,-50,-87,-86,4,-3920.0388691038925
-59,-53,-56,-59,-51,-87,-89,4,-3969.932323550388
-59,-53,-57,-59,-50,-88,-88,4,-3965.0450050512527
-59,-57,-56,-61,-52,-86,-85,4,-3894.998690786787
-60,-54,-54,-60,-64,-88,-88,4,-3980.078076617112
-59,-53,-57,-60,-51,-87,-88,4,-3959.9465187614014
-58,-52,-58,-60,-52,-86,-89,4,-3959.8052272679192
-59,-52,-56,-58,-55,-88,-87,4,-3934.969119315415
-59,-52,-55,-60,-55,-87,-88,4,-3959.9798286158743
-59,-51,-54,-59,-55,-87,-88,4,-3949.979772502757
-59,-51,-55,-59,-53,-88,-88,4,-3965.0400870604944
-59,-56,-55,-59,-54,-87,-88,4,-3950.0885700347185
-59,-52,-55,-59,-55,-88,-85,4,-3905.002562778945
-58,-51,-56,-59,-54,-87,-87,4,-3924.923831142397
-59,-50,-55,-59,-54,-88,-87,4,-3944.898611471368
-59,-50,-55,-59,-53,-86,-87,4,-3915.1061141640666
-59,-50,-59,-59,-55,-85,-87,4,-3899.8968801617348
-59,-51,-55,-59,-54,-87,-88,4,-3950.1583221775068
-59,-51,-57,-59,-53,-87,-92,4,-4029.859225480766
-59,-53,-56,-60,-53,-85,-86,4,-3889.9051992043287
-59,-53,-57,-62,-55,-88,-85,4,-3935.0018079318866
-58,-52,-57,-60,-52,-86,-88,4,-3939.9057039770273
-58,-50,-54,-60,-53,-86,-89,4,-3959.832290352257
-59,-52,-57,-60,-54,-91,-89,4,-4040.037412158608
-59,-52,-55,-59,-52,-88,-87,4,-3944.973691559248
-57,-52,-56,-60,-52,-91,-85,4,-3949.967035830688
-57,-51,-56,-57,-50,-88,-86,4,-3894.948524616878
-57,-50,-58,-60,-51,-87,-88,4,-3949.9384053902454
-60,-50,-57,-60,-50,-89,-86,4,-3955.01646140609
-59,-51,-56,-58,-51,-95,-84,4,-3980.0785202347433
-58,-51,-56,-58,-50,-88,-88,4,-3950.02151178353
-59,-51,-56,-58,-50,-88,-86,4,-3914.8554067745586
-59,-50,-57,-59,-51,-87,-85,4,-3889.8149388939114
-59,-51,-57,-59,-52,-87,-86,4,-3910.0137412952618
-59,-50,-57,-61,-51,-85,-86,4,-3899.839483453632
-59,-51,-54,-60,-50,-87,-86,4,-3919.9585075520013
-59,-51,-57,-59,-51,-89,-86,4,-3939.991713470552
-59,-51,-56,-61,-50,-86,-86,4,-3914.829538752171
-59,-50,-57,-60,-49,-91,-86,4,-3979.9505545746183
-59,-51,-57,-60,-49,-87,-88,4,-3960.115477647764
-59,-53,-55,-60,-51,-87,-87,4,-3939.9349994040977
-59,-52,-57,-58,-50,-86,-88,4,-3924.9416950924483
-59,-52,-57,-60,-49,-86,-88,4,-3945.1501401301653
-60,-53,-59,-59,-53,-86,-86,4,-3899.721575190318
-57,-52,-56,-62,-52,-92,-85,4,-3985.0578340664665
-56,-51,-43,-59,-47,-83,-89,4,-3894.897606342799
-55,-52,-46,-59,-53,-88,-84,4,-3864.925278360094
-56,-58,-48,-60,-51,-85,-85,4,-3854.9464782156433
-63,-58,-52,-59,-51,-88,-94,4,-4104.96986072429
-57,-61,-53,-59,-52,-87,-89,4,-3959.952817016222
-58,-61,-52,-61,-53,-85,-88,4,-3935.0553637869834
-57,-57,-51,-60,-53,-85,-89,4,-3940.15097344195
-57,-60,-49,-61,-54,-85,-88,4,-3930.0574800536297
-57,-61,-56,-60,-53,-86,-86,4,-3895.062449956028
-58,-54,-52,-61,-53,-85,-89,4,-3954.8280045144857
-55,-56,-47,-54,-49,-81,-79,4,-3610.0273809401924
-58,-55,-55,-54,-49,-78,-79,4,-3579.903373440267
-63,-54,-50,-55,-50,-85,-79,4,-3719.997810522148
-58,-55,-53,-59,-52,-81,-84,4,-3774.8649145617283
-59,-59,-52,-60,-51,-87,-86,4,-3919.886637979424
-57,-55,-57,-59,-48,-85,-84,4,-3830.1871138051238
-59,-57,-53,-58,-55,-85,-86,4,-3870.120524881054
-59,-59,-52,-59,-53,-87,-87,4,-3929.9793292269146
-59,-56,-53,-60,-49,-85,-84,4,-3849.977585610514
-58,-56,-56,-61,-52,-85,-85,4,-3874.896842947057
-58,-59,-56,-60,-50,-86,-83,4,-3839.832105252729
-57,-57,-54,-58,-56,-84,-87,4,-3865.0102994317454
-55,-56,-48,-60,-55,-84,-84,4,-3814.9264025328234
-52,-61,-48,-60,-51,-80,-80,4,-3659.9857188682336
-54,-57,-50,-61,-53,-83,-82,4,-3764.9264354391735
-55,-53,-51,-62,-56,-85,-87,4,-3909.8970746724876
-58,-55,-51,-66,-54,-86,-85,4,-3940.078997260614
-58,-53,-49,-60,-48,-86,-91,4,-4000.19646110379
-55,-48,-49,-62,-55,-86,-91,4,-4005.0482220958697
-59,-57,-50,-59,-50,-89,-80,4,-3820.1012747609248
-64,-55,-52,-74,-53,-89,-80,4,-3994.9453432564437
-62,-62,-49,-66,-47,-93,-80,4,-3964.8795619801913
-64,-57,-53,-64,-47,-88,-91,4,-4099.836436493365
-64,-59,-51,-62,-51,-88,-91,4,-4080.018135577721
-63,-56,-53,-60,-49,-88,-88,4,-3995.087321855885
-61,-58,-54,-63,-47,-88,-81,4,-3874.8832370090345
-63,-57,-52,-64,-52,-88,-93,4,-4135.061155563461
-64,-58,-50,-65,-50,-91,-85,4,-4035.0672626173
-66,-57,-55,-64,-52,-91,-87,4,-4075.1178366256368
-61,-55,-54,-69,-53,-84,-89,4,-4035.1027824482344
-61,-61,-50,-64,-51,-84,-89,4,-3984.949358857646
-60,-60,-51,-64,-53,-87,-87,4,-3984.981185823645
-62,-63,-52,-70,-48,-87,-87,4,-4055.103585131187
-64,-57,-53,-66,-48,-92,-87,4,-4099.8743477478265
-63,-54,-53,-65,-52,-92,-89,4,-4124.818785110524
-63,-57,-57,-70,-50,-92,-87,4,-4135.131972524672
-70,-59,-56,-64,-46,-88,-95,4,-4209.820654991485
-65,-62,-49,-67,-45,-88,-94,4,-4195.124569366875
-63,-59,-53,-70,-46,-86,-88,4,-4064.948505234309
-61,-61,-52,-68,-45,-88,-88,4,-4065.0623671911726
-62,-61,-51,-68,-48,-88,-88,4,-4069.9221207264563
-63,-57,-53,-63,-48,-85,-92,4,-4059.9865424496534
-62,-55,-53,-65,-50,-88,-93,4,-4139.784156855891
-64,-59,-52,-65,-50,-88,-85,4,-3990.0078035111765
-61,-60,-53,-61,-52,-87,-87,4,-3960.1705576066697
-60,-61,-58,-63,-49,-84,-85,4,-3889.979649764522
-63,-57,-57,-62,-51,-89,-84,4,-3949.842007711217
-63,-58,-50,-63,-48,-91,-85,4,-4009.913810922686
-64,-54,-56,-66,-52,-88,-85,4,-4000.092772846812
-63,-59,-51,-72,-55,-96,-92,4,-4314.773889392805
-61,-57,-53,-65,-50,-87,-91,4,-4079.949590690268
-61,-56,-49,-60,-52,-91,-85,4,-3969.948185416035
-61,-55,-45,-55,-56,-85,-85,4,-3830.0023440831587
-61,-61,-49,-58,-54,-94,-85,4,-3995.121664742702
-66,-59,-52,-63,-59,-88,-87,4,-4020.1496343771205
-61,-61,-51,-62,-54,-85,-91,4,-4019.981666738023
-64,-60,-53,-60,-48,-89,-89,4,-4035.0396602548713
-65,-61,-56,-67,-50,-89,-91,4,-4150.224393037179
-64,-66,-58,-70,-50,-89,-93,4,-4215.072560288607
-63,-58,-57,-61,-52,-89,-93,4,-4120.05670574729
-63,-57,-60,-69,-49,-93,-93,4,-4260.024875258063
-64,-55,-55,-62,-49,-93,-85,4,-4034.9690436416377
-59,-62,-54,-62,-46,-87,-91,4,-4039.933269668467
-64,-58,-49,-64,-49,-92,-91,4,-4159.974919334218
-66,-54,-53,-71,-48,-92,-91,4,-4240.050840456263
-66,-56,-56,-63,-50,-89,-91,4,-4114.994875980089
-66,-54,-54,-64,-47,-89,-86,4,-4025.1992640151943
-67,-55,-56,-64,-50,-88,-87,4,-4035.008344528379
-66,-56,-56,-66,-49,-89,-87,4,-4064.8820182705244
-66,-56,-55,-67,-48,-87,-87,4,-4044.941557800558
-66,-57,-56,-64,-49,-89,-87,4,-4044.9323124423063
-66,-57,-55,-65,-48,-91,-87,4,-4084.919125735861
-67,-57,-55,-65,-49,-88,-87,4,-4045.0774475878466
-68,-57,-54,-64,-51,-89,-87,4,-4054.8751568332345
-67,-56,-55,-64,-49,-91,-89,4,-4120.063795774713
-65,-56,-54,-63,-49,-92,-89,4,-4114.992488189273
-64,-55,-55,-66,-49,-88,-88,4,-4059.8154503999567
-67,-56,-52,-64,-51,-89,-85,4,-4010.0642475935106
-65,-57,-55,-64,-50,-92,-85,4,-4044.9645225077247
-65,-57,-56,-63,-48,-92,-85,4,-4034.951760619259
-65,-57,-54,-70,-50,-88,-85,4,-4045.0895897413084
-66,-57,-55,-65,-51,-88,-88,4,-4059.9572278131704
-66,-59,-47,-67,-51,-94,-88,4,-4169.8816044718515
-66,-59,-45,-67,-52,-93,-92,4,-4234.9965328836315
-69,-58,-46,-66,-48,-95,-93,4,-4290.193917740755
-65,-57,-45,-69,-48,-91,-94,4,-4260.112187839132
-64,-59,-46,-65,-48,-91,-91,4,-4155.127918861365
-63,-59,-45,-65,-47,-89,-92,4,-4140.103406577775
-63,-58,-46,-66,-49,-93,-93,4,-4230.029905529817
-63,-58,-47,-66,-48,-93,-92,4,-4209.973893851864
-64,-59,-45,-65,-51,-93,-92,4,-4204.952114714208
-64,-58,-45,-65,-51,-92,-92,4,-4190.038527207324
-64,-60,-45,-66,-52,-92,-92,4,-4199.925231873733
-64,-60,-44,-66,-52,-91,-92,4,-4185.032541952109
-65,-57,-45,-66,-47,-92,-92,4,-4204.9607190424795
-64,-58,-45,-66,-48,-89,-93,4,-4175.131640474606
-66,-58,-47,-68,-47,-88,-91,4,-4150.056202323363
-67,-64,-47,-64,-50,-88,-91,4,-4115.037825420371
-61,-60,-50,-63,-45,-88,-91,4,-4074.908264573909
-64,-56,-51,-65,-49,-91,-94,4,-4215.003200830897
-63,-56,-55,-60,-52,-86,-98,4,-4164.860402420569
-64,-57,-53,-61,-50,-86,-98,4,-4180.017727474873
-64,-54,-55,-59,-52,-88,-98,4,-4189.707329197827
-61,-57,-54,-65,-52,-89,-88,4,-4049.9353896634834
-65,-56,-49,-61,-44,-88,-91,4,-4075.04820533964
-64,-58,-51,-59,-40,-88,-87,4,-3970.090110010524
-58,-57,-50,-60,-47,-84,-86,4,-3869.994513720458
-60,-53,-50,-66,-39,-86,-86,4,-3969.9803689593173
-61,-56,-44,-61,-49,-91,-86,4,-3999.9079058028665
-61,-51,-49,-59,-56,-91,-89,4,-4039.9982214879647
-65,-52,-48,-63,-48,-91,-88,4,-4080.076828237416
-69,-52,-48,-66,-48,-88,-87,4,-4064.956632029352
-67,-52,-46,-66,-47,-89,-87,4,-4070.0569758632505
-67,-53,-46,-64,-48,-88,-87,4,-4035.112196468247
-66,-52,-48,-71,-55,-88,-87,4,-4099.92246191791
-65,-52,-46,-65,-49,-88,-87,4,-4035.01427334532
-65,-52,-46,-64,-49,-88,-87,4,-4025.0408999267593
-65,-54,-46,-65,-51,-91,-89,4,-4119.757809500969
-65,-51,-49,-63,-49,-92,-91,4,-4155.181513960312
-64,-48,-54,-58,-52,-80,-88,4,-3860.056877696565
-60,-52,-45,-58,-51,-87,-80,4,-3784.9327337599893
-57,-54,-46,-53,-44,-85,-84,4,-3769.9449162092956
-58,-54,-44,-59,-47,-83,-86,4,-3844.9760352467074
-55,-57,-49,-52,-53,-82,-86,4,-3744.9478734223353
-59,-53,-49,-56,-49,-83,-88,4,-3860.0619037973324
-60,-57,-58,-58,-50,-83,-88,4,-3884.9536830343905
-64,-55,-55,-58,-51,-89,-88,4,-3994.940475376545
-64,-54,-52,-58,-52,-89,-88,4,-3994.9020416587973
-59,-53,-49,-59,-45,-89,-88,4,-3980.0878581424467
-60,-52,-49,-61,-51,-85,-81,4,-3805.0853280598167
-61,-58,-52,-61,-45,-92,-81,4,-3915.1104578161203
-60,-56,-43,-61,-50,-89,-87,4,-3985.103327232971
-62,-57,-44,-61,-44,-89,-87,4,-3995.029876812017
-62,-58,-49,-64,-42,-86,-89,4,-4020.0420740727486
-61,-54,-45,-66,-45,-88,-87,4,-4024.917197314275
-60,-55,-47,-59,-54,-91,-80,4,-3854.930765882168
-57,-59,-44,-60,-56,-87,-85,4,-3889.9617234728235
-56,-54,-48,-57,-51,-84,-89,4,-3889.7146497002414
-58,-54,-46,-55,-50,-87,-91,4,-3964.9545514190536
-58,-51,-46,-58,-50,-79,-87,4,-3795.207414492315
-59,-55,-48,-59,-52,-86,-85,4,-3874.8140315758546
-57,-61,-54,-64,-48,-87,-91,4,-4049.899011812027
-64,-55,-52,-61,-50,-92,-94,4,-4189.976757326534
-62,-57,-50,-62,-49,-93,-86,4,-4044.915078515984
-65,-58,-56,-61,-49,-89,-88,4,-4030.025451491052
-62,-58,-50,-58,-47,-95,-87,4,-4055.1916715846946
-57,-52,-44,-59,-51,-88,-85,4,-3895.0013155631214
-55,-53,-47,-57,-50,-85,-85,4,-3819.98737216695
-57,-52,-46,-60,-43,-88,-85,4,-3904.89111223581
-64,-57,-48,-60,-39,-88,-85,4,-3939.9962755068345
-60,-51,-53,-63,-42,-87,-82,4,-3874.9622904007115
-63,-62,-49,-63,-45,-92,-86,4,-4044.9690823562937
-59,-52,-44,-57,-49,-85,-87,4,-3880.072767978869
-58,-56,-52,-54,-52,-87,-84,4,-3815.126070837052
-61,-57,-51,-56,-49,-88,-85,4,-3885.138506830874
-59,-57,-56,-65,-49,-92,-91,4,-4144.895899472603
-59,-57,-52,-71,-49,-92,-88,4,-4144.938563679156
-59,-56,-56,-65,-49,-92,-88,4,-4084.8911842951425
-59,-56,-58,-66,-51,-92,-88,4,-4094.94210352004
-60,-58,-55,-65,-50,-91,-86,4,-4035.0929849244467
-60,-58,-57,-68,-50,-96,-87,4,-4160.10039424883
-61,-58,-58,-67,-50,-96,-85,4,-4114.985092456827
-59,-57,-56,-65,-49,-91,-86,4,-4030.065785351127
-61,-58,-57,-66,-49,-93,-86,4,-4079.917705829329
-60,-57,-56,-65,-50,-96,-87,4,-4130.234837985067
-61,-58,-56,-67,-50,-95,-88,4,-4159.92249649473
-61,-57,-54,-67,-52,-89,-86,4,-4029.933610686622
-58,-57,-55,-66,-51,-88,-87,4,-4009.983525654365
-60,-57,-55,-65,-51,-94,-86,4,-4080.2274791978534
-60,-58,-56,-64,-52,-93,-86,4,-4055.0324891969294
-58,-56,-56,-64,-50,-82,-87,4,-3900.025726639537
-61,-55,-55,-66,-61,-83,-92,4,-4049.8899931883393
-60,-56,-57,-65,-49,-85,-89,4,-4005.0604859926593
-60,-58,-56,-66,-51,-85,-89,4,-4014.8915714549803
-61,-56,-57,-65,-54,-85,-88,4,-3990.0653036857857
-61,-57,-57,-66,-55,-83,-87,4,-3950.1194184511664
-60,-57,-56,-64,-52,-84,-88,4,-3960.035339437938
-61,-59,-56,-64,-50,-85,-87,4,-3959.999585938067
-61,-56,-55,-63,-52,-84,-87,4,-3934.9696511891666
-58,-61,-56,-64,-49,-83,-87,4,-3915.0706154937866
-61,-56,-55,-63,-47,-85,-89,4,-3990.0124455582586
-61,-58,-48,-57,-52,-91,-92,4,-4079.9508110779543
-61,-55,-54,-72,-45,-89,-92,4,-4200.086085558861
-62,-61,-52,-69,-42,-88,-92,4,-4159.987724585835
-64,-57,-54,-69,-43,-88,-92,4,-4169.974808659155
-63,-58,-54,-69,-43,-91,-92,4,-4210.1289296327695
-63,-59,-54,-77,-42,-91,-92,4,-4290.190948280667
-64,-59,-55,-66,-44,-93,-92,4,-4215.125671959873
-64,-59,-51,-67,-43,-88,-92,4,-4150.078620906629
-62,-60,-55,-67,-43,-88,-92,4,-4139.9697778181135
-63,-58,-54,-67,-43,-88,-98,4,-4265.108491059149
-62,-59,-53,-64,-44,-89,-98,4,-4244.907847506046
-61,-62,-54,-69,-46,-93,-98,4,-4350.000116896572
-62,-59,-52,-69,-46,-91,-98,4,-4324.863237559547
-58,-57,-46,-56,-43,-89,-85,4,-3884.959901693513
-60,-53,-48,-61,-46,-85,-85,4,-3884.946127489725
-56,-55,-43,-57,-52,-93,-85,4,-3945.0850731114774
-57,-54,-54,-59,-51,-88,-87,4,-3935.111137389663
-56,-55,-50,-59,-62,-84,-86,4,-3850.2205895106563
-58,-56,-46,-56,-62,-84,-87,4,-3849.974745513678
-59,-54,-51,-59,-58,-80,-87,4,-3825.0082844685808
-58,-54,-53,-60,-47,-82,-83,4,-3779.9520290757437
-63,-54,-47,-64,-50,-83,-88,4,-3960.0605937837176
-58,-55,-57,-64,-47,-85,-89,4,-3985.033446681506
-63,-57,-47,-64,-49,-86,-81,4,-3864.9572173538622
-63,-58,-50,-57,-46,-91,-93,4,-4110.169159869206
-60,-54,-56,-65,-43,-88,-87,4,-4009.9818963900357
-59,-56,-49,-57,-45,-88,-88,4,-3945.1236842500675
-56,-56,-40,-62,-50,-86,-86,4,-3909.9806149512983
-63,-52,-43,-63,-51,-87,-88,4,-4009.990741395099
-60,-56,-44,-53,-46,-87,-88,4,-3894.9094473222003
-64,-56,-48,-62,-53,-88,-87,4,-3999.8965638238683
-59,-56,-41,-54,-46,-89,-88,4,-3929.9851324886786
-60,-59,-51,-59,-53,-88,-88,4,-3970.020982759266
-62,-58,-54,-61,-52,-88,-85,4,-3939.93040023563
-61,-53,-50,-59,-46,-84,-93,4,-4014.9585638388
-60,-56,-44,-59,-46,-81,-86,4,-3824.8750104533633
-64,-57,-52,-60,-40,-87,-87,4,-3964.9588783354125
-63,-56,-51,-57,-45,-88,-88,4,-3964.9150563951152
-61,-54,-52,-65,-49,-85,-91,4,-4050.092095393527
-60,-63,-54,-63,-47,-88,-92,4,-4089.9482864983256
-61,-55,-52,-61,-44,-88,-92,4,-4075.0286999103073
-62,-58,-52,-63,-50,-87,-88,4,-4005.0616866100877
-63,-57,-55,-63,-49,-88,-81,4,-3885.0751084035023
-64,-63,-56,-64,-47,-92,-83,4,-4000.050297030649
-71,-59,-52,-62,-48,-91,-83,4,-4000.2009178302287
-57,-53,-51,-57,-48,-88,-85,4,-3874.956128129483
-61,-55,-46,-57,-46,-83,-85,4,-3820.094050743148
-56,-53,-49,-60,-48,-82,-85,4,-3810.0141541010216
-61,-56,-52,-62,-52,-82,-87,4,-3894.988193629587
-64,-58,-48,-63,-42,-85,-93,4,-4084.9819425524624
-58,-56,-44,-60,-47,-84,-85,4,-3849.993736180913
-58,-51,-49,-61,-48,-88,-85,4,-3920.01594980742
-57,-55,-45,-59,-50,-85,-85,4,-3850.036952661293
-61,-52,-48,-57,-47,-85,-85,4,-3849.9341152269485
-59,-50,-51,-59,-51,-83,-85,4,-3830.0357489324665
-60,-52,-48,-61,-48,-83,-84,4,-3835.1874276834033
-61,-55,-45,-57,-53,-91,-82,4,-3879.9909337587815
-56,-51,-45,-54,-52,-79,-85,4,-3704.937999677337
-56,-60,-55,-55,-53,-88,-85,4,-3850.0690487928528
-60,-60,-46,-54,-49,-81,-83,4,-3715.051615265507
-58,-57,-46,-55,-50,-87,-85,4,-3844.920563550896
-59,-56,-50,-60,-52,-81,-85,4,-3810.1297066646694
-57,-56,-49,-58,-50,-87,-85,4,-3869.9198467443293
-60,-58,-53,-55,-53,-83,-84,4,-3774.9661955255788
-61,-52,-49,-58,-51,-91,-84,4,-3930.1252549497103
-57,-57,-48,-59,-49,-88,-88,4,-3954.962383674305
-58,-54,-49,-60,-55,-91,-93,4,-4114.980964082545
-60,-59,-50,-58,-45,-87,-89,4,-3965.030384293788
-61,-57,-50,-59,-46,-91,-89,4,-4040.0592464238184
-63,-53,-59,-62,-45,-88,-86,4,-3974.9991167538046
-63,-56,-51,-64,-49,-88,-89,4,-4054.800931751422
-63,-57,-55,-60,-50,-86,-92,4,-4044.968493840274
-62,-62,-55,-64,-42,-86,-92,4,-4079.96242682122
-63,-56,-50,-56,-49,-89,-92,4,-4050.0685469114346
-61,-56,-52,-58,-52,-82,-85,4,-3814.991266980601
-59,-49,-44,-61,-45,-89,-89,4,-4019.943486433278
-60,-61,-49,-60,-50,-89,-88,4,-3994.9061472550407
-59,-55,-49,-60,-42,-92,-93,4,-4134.90195887631
-61,-54,-50,-63,-42,-92,-93,4,-4174.942768184554
-60,-49,-48,-62,-48,-85,-93,4,-4054.892511574519
-59,-49,-45,-57,-52,-80,-82,4,-3704.8508970911107
-62,-56,-49,-58,-45,-85,-82,4,-3804.9295916141386
-65,-54,-53,-61,-43,-84,-83,4,-3855.031582000779
-64,-59,-53,-63,-52,-87,-83,4,-3914.974192315451
-62,-58,-52,-65,-49,-89,-84,4,-3975.18478813315
-61,-54,-48,-64,-49,-89,-81,4,-3899.937442358978
-57,-51,-49,-64,-52,-88,-81,4,-3865.004315915057
-59,-52,-49,-55,-56,-83,-81,4,-3710.0980470793606
-57,-60,-47,-59,-50,-79,-88,4,-3819.986202155669
-61,-56,-48,-62,-54,-88,-86,4,-3964.947696076912
-60,-51,-51,-59,-54,-86,-89,4,-3959.9896014888054
-57,-56,-48,-66,-49,-84,-91,4,-4024.9755863325345
-61,-56,-47,-60,-48,-83,-87,4,-3890.078892266855
-58,-49,-50,-61,-51,-83,-87,4,-3885.0950305607075
-58,-50,-43,-56,-55,-83,-87,4,-3835.0327233992975
-58,-53,-48,-58,-54,-88,-89,4,-3969.971899424768
-57,-56,-48,-59,-47,-86,-89,4,-3945.0003954245435
-58,-57,-48,-64,-52,-92,-87,4,-4049.6796829273326
-59,-57,-48,-69,-52,-87,-87,4,-4030.047233490093
-58,-54,-53,-64,-51,-87,-91,4,-4055.072421046562
-59,-55,-55,-62,-47,-91,-84,4,-3959.861433777935
-59,-55,-54,-64,-44,-86,-86,4,-3945.1093834127196
-60,-53,-52,-64,-46,-85,-83,4,-3875.034782009619
-60,-54,-53,-64,-47,-85,-86,4,-3935.054213578582
-63,-53,-52,-64,-47,-93,-86,4,-4069.871141958421
-61,-53,-48,-62,-52,-86,-85,4,-3915.116704803681
-61,-56,-46,-60,-50,-84,-86,4,-3884.8501057663493
-64,-55,-48,-61,-50,-83,-87,4,-3915.009607110149
-64,-58,-47,-61,-52,-85,-86,4,-3924.9540934064803
-62,-53,-48,-61,-50,-85,-86,4,-3914.937380011785
-58,-56,-50,-58,-47,-87,-80,4,-3775.043244615998
-58,-60,-50,-61,-50,-87,-78,4,-3764.9306037481633
-58,-56,-49,-60,-53,-86,-91,4,-3999.9134727715764
-59,-55,-46,-66,-50,-86,-91,4,-4065.0045201313123
-58,-57,-50,-58,-50,-82,-84,4,-3779.9823491479797
-62,-57,-48,-63,-47,-88,-84,4,-3940.0129010391784
-62,-59,-50,-66,-54,-95,-84,4,-4075.1884561560496
-60,-57,-50,-63,-49,-87,-86,4,-3954.909733598302
-62,-59,-48,-65,-51,-87,-86,4,-3984.886868088462
-58,-65,-47,-71,-51,-86,-83,4,-3950.012268551547
-58,-56,-48,-65,-49,-87,-81,4,-3864.926280867357
-63,-54,-49,-62,-43,-89,-91,4,-4089.939562596614
-64,-57,-47,-58,-46,-89,-86,4,-3955.1168416827036
-60,-55,-54,-58,-55,-86,-88,4,-3930.040616471609
-63,-56,-52,-65,-47,-82,-92,4,-4034.9953124003373
-59,-57,-49,-66,-41,-87,-86,4,-3979.9614221534043
-62,-53,-55,-65,-49,-87,-87,4,-4004.806085007039
-61,-58,-46,-69,-53,-82,-81,4,-3845.0235955880385
-61,-58,-50,-59,-52,-84,-84,4,-3835.0325687413133
-60,-56,-48,-61,-49,-92,-82,4,-3929.9023258695215
-55,-50,-46,-57,-48,-76,-87,4,-3725.03848446465
-56,-54,-43,-60,-50,-86,-85,4,-3869.9838263070174
-58,-57,-49,-64,-49,-89,-81,4,-3884.9315389708872
-58,-52,-49,-60,-47,-87,-92,4,-4035.059905247095
-57,-55,-50,-63,-50,-89,-79,4,-3830.0342890557286
-57,-57,-50,-59,-54,-85,-81,4,-3770.1384944114934
-58,-58,-51,-61,-51,-85,-89,4,-3955.108986480887
-59,-54,-48,-62,-47,-85,-89,4,-3970.0693550295146
-57,-54,-48,-55,-47,-82,-86,4,-3784.8888136503138
-60,-54,-50,-70,-48,-84,-84,4,-3940.136623164427
-59,-59,-49,-62,-47,-82,-81,4,-3765.023427657699
-56,-48,-43,-62,-43,-83,-82,4,-3784.936812486862
-59,-50,-45,-60,-48,-83,-85,4,-3840.163553031617
-56,-54,-50,-58,-50,-83,-85,4,-3805.114655386886
-59,-53,-45,-60,-51,-87,-86,4,-3919.862286848026
-54,-46,-48,-55,-48,-84,-85,4,-3779.8512400352956
-58,-53,-44,-62,-52,-84,-88,4,-3930.183066572942
-61,-52,-48,-61,-45,-90,-88,4,-4025.0722276806873
-60,-50,-51,-62,-49,-87,-84,4,-3904.9360843963505
-60,-53,-52,-62,-50,-91,-88,4,-4044.8723883829944
-58,-53,-52,-62,-51,-85,-83,4,-3844.9805238198232
-59,-51,-49,-63,-45,-86,-83,4,-3875.042611743302
-59,-52,-44,-64,-43,-87,-83,4,-3900.129255853329
-61,-49,-42,-66,-43,-80,-91,4,-3985.008588422222
-62,-54,-48,-62,-48,-86,-86,4,-3939.956609803811
-57,-49,-44,-60,-50,-84,-86,4,-3865.047831256162
-64,-51,-44,-61,-50,-88,-85,4,-3949.968373747421
-58,-53,-42,-61,-51,-87,-82,4,-3845.0501659856104
-56,-53,-42,-61,-55,-87,-82,4,-3834.941857069571
-56,-55,-44,-60,-49,-84,-80,4,-3740.070063271256
-56,-53,-42,-61,-49,-83,-83,4,-3794.9376608622997
-59,-50,-45,-63,-49,-84,-86,4,-3905.1257402124616
-59,-58,-48,-65,-53,-83,-90,4,-3989.8655872645318
-60,-55,-42,-63,-53,-91,-79,4,-3875.071211435033
-59,-51,-46,-58,-46,-90,-90,4,-4025.0346583425294
-63,-53,-47,-58,-46,-90,-81,4,-3865.029002979869
-57,-51,-47,-61,-50,-90,-88,4,-4005.020848000737
-58,-56,-51,-65,-53,-87,-87,4,-3985.1148563957513
-62,-53,-52,-59,-48,-87,-92,4,-4044.908952719188
-63,-54,-52,-59,-44,-86,-92,4,-4034.8749590170473
-57,-58,-52,-66,-46,-86,-90,4,-4035.2872270546422
-61,-60,-52,-57,-51,-91,-86,4,-3960.042887246302
-61,-59,-52,-55,-48,-91,-84,4,-3900.0276785345877
-61,-57,-51,-56,-46,-88,-85,4,-3885.0482819032027
-60,-57,-52,-59,-47,-88,-85,4,-3909.854269572958
-61,-58,-53,-57,-45,-86,-90,4,-3965.005750325629
-58,-58,-51,-57,-49,-86,-90,4,-3950.264339648494
-59,-54,-49,-60,-46,-86,-87,4,-3924.9639454714156
-57,-61,-45,-62,-48,-87,-88,4,-3970.0289534138024
-61,-54,-48,-58,-47,-91,-88,4,-4009.921232186834
-61,-52,-49,-68,-45,-85,-92,4,-4100.094507594128
-57,-56,-47,-58,-44,-88,-82,4,-3825.0936034548527
-57,-56,-48,-60,-49,-84,-88,4,-3905.100739111481
-57,-50,-47,-58,-46,-88,-88,4,-3944.8601295180865
-58,-55,-51,-61,-44,-88,-86,4,-3940.007527266739
-58,-56,-52,-58,-48,-87,-85,4,-3874.947323104367
-58,-58,-46,-57,-47,-81,-80,4,-3674.8998447543368
-59,-53,-51,-54,-45,-79,-87,4,-3760.141272127552
-60,-50,-48,-55,-46,-79,-87,4,-3774.9653595148175
-59,-58,-48,-53,-55,-80,-88,4,-3784.898779403238
-59,-56,-49,-58,-52,-88,-84,4,-3874.883039396546
-58,-57,-45,-58,-42,-88,-88,4,-3949.967136259102
-55,-49,-51,-56,-50,-84,-88,4,-3855.029916561282
-55,-51,-48,-68,-51,-82,-86,4,-3905.0606670811085
-58,-52,-51,-59,-49,-82,-86,4,-3830.035848461632
-59,-52,-50,-55,-49,-87,-86,4,-3869.9279406081555
-59,-52,-52,-56,-50,-86,-86,4,-3864.9912259823022
-58,-52,-50,-55,-48,-87,-90,4,-3945.0679337467127
-57,-54,-51,-60,-47,-84,-88,4,-3904.914558400537
-55,-50,-49,-60,-45,-86,-87,4,-3905.1454758018867
-55,-52,-45,-62,-46,-87,-85,4,-3900.0968136997367
-62,-51,-46,-61,-49,-87,-85,4,-3924.8642746077962
-60,-55,-46,-59,-49,-87,-83,4,-3854.9419667263796
-59,-55,-48,-59,-46,-86,-83,4,-3835.0970088659915
-60,-54,-45,-59,-45,-88,-83,4,-3870.086683078125
-56,-50,-47,-60,-50,-88,-83,4,-3859.956791108755
-59,-53,-49,-56,-47,-87,-82,4,-3800.1537647157647
-59,-52,-50,-55,-55,-87,-85,4,-3849.8968601842266
-61,-50,-50,-58,-48,-88,-87,4,-3944.922350563947
-57,-52,-48,-58,-51,-86,-87,4,-3895.0631970878158
-58,-51,-51,-56,-54,-85,-83,4,-3784.9263737386445
-56,-52,-50,-57,-53,-87,-86,4,-3874.965917620527
-57,-53,-50,-61,-56,-84,-83,4,-3815.036300685415
-59,-55,-50,-57,-52,-78,-83,4,-3694.9119471362646
-61,-50,-51,-59,-55,-87,-83,4,-3860.1975761083672
-56,-51,-52,-59,-48,-87,-82,4,-3815.0425148666445
-56,-53,-51,-59,-50,-84,-84,4,-3810.0446151357137
-57,-50,-51,-59,-51,-83,-84,4,-3800.1384404695577
-57,-53,-50,-59,-52,-83,-82,4,-3760.0301884003134
-56,-54,-49,-58,-48,-83,-84,4,-3784.961542854707
-56,-50,-51,-60,-58,-81,-84,4,-3775.111909706388
-58,-55,-50,-60,-48,-87,-93,4,-4055.052608015423
-60,-52,-46,-56,-48,-84,-86,4,-3840.241914933388
-58,-55,-50,-54,-48,-80,-86,4,-3749.9839619827053
-61,-51,-52,-56,-47,-86,-90,4,-3954.8565181349536
-60,-52,-51,-55,-48,-86,-90,4,-3940.025021312709
-63,-61,-49,-58,-46,-92,-83,4,-3935.019566854869
-61,-54,-45,-54,-43,-88,-80,4,-3765.0442488919907
-57,-53,-45,-54,-52,-84,-82,4,-3724.9378301799443
-56,-60,-47,-58,-46,-80,-82,4,-3700.0725684485806
-55,-57,-43,-59,-53,-81,-85,4,-3780.0649739853893
-55,-54,-43,-60,-51,-84,-88,4,-3895.215634118236
-56,-55,-45,-59,-52,-84,-86,4,-3849.950176691271
-55,-54,-46,-60,-50,-84,-86,4,-3855.073184213645
-56,-54,-47,-59,-52,-84,-91,4,-3949.9158017930226
-56,-55,-44,-61,-51,-84,-87,4,-3889.9810132371713
-57,-55,-48,-59,-51,-81,-86,4,-3809.9706761888747
-59,-54,-49,-58,-52,-83,-93,4,-3980.05378928756
-58,-53,-46,-59,-50,-86,-90,4,-3970.144666284099
-56,-55,-44,-60,-51,-84,-86,4,-3859.8055011232586
-56,-53,-43,-61,-58,-80,-85,4,-3790.0173694734626
-57,-55,-50,-57,-49,-84,-85,4,-3814.9587355852414
-56,-55,-54,-61,-46,-79,-79,4,-3655.0249148548
-57,-54,-49,-61,-43,-79,-85,4,-3779.8978150118974
-59,-53,-45,-57,-45,-81,-82,4,-3720.048324591379
-57,-56,-53,-62,-48,-87,-88,4,-3969.8369667628403
-63,-55,-50,-63,-50,-91,-85,4,-4010.0494197155276
-61,-54,-51,-63,-44,-87,-88,4,-4000.183968429349
-59,-59,-48,-66,-50,-86,-94,4,-4125.085632528229
-59,-56,-50,-62,-47,-87,-90,4,-4019.946848662353
-62,-59,-46,-65,-45,-87,-88,4,-4024.9163175883937
-62,-58,-52,-61,-41,-90,-85,4,-3970.129805998784
-59,-50,-45,-60,-45,-88,-87,4,-3954.982839002469
